account,active
tdcp7jth,true
ai2pvegc,false
h8cvzc9n,false
sabnkbix,false
e2qo19bv,false
z9rhmnbo,false
ml4fy3h0,true
1n957951,true
ukxp8gmz,true
g2bqte5s,true
mdyajejv,true
gveqwxa7,false
wla1bn6y,true
19njt3um,false
cmtsa5db,false
hucdn9z9,false
k7kzu8nb,true
irt4q5ab,true
0bdr0ms2,true
o9w7idjm,false
83uiqphw,true
f8lv6oou,true
as9weeb6,true
ws8ae4ww,false
9ule3vbc,true
j8hhqhun,false
5totewqi,false
ddy98k53,true
ptqqgbnq,false
46tsvz5j,true
viz18m3p,false
q6ikfct3,false
ay9k7xt4,false
oym16v5v,false
jpvhjvxg,true
6fbcidjm,false
tmtwe91c,false
tiu6l82o,false
8b41r8bk,true
f0gjfqyj,false
ttdnz8j4,true
7phyi81v,true
69mf7ztj,false
szl669mk,true
b8gso98e,false
asytqzps,true
ij71pizz,true
jza88jk2,true
gz3pwcwd,true
c28bom75,false
u3blad2e,false
ms0skufk,false
27zjunn2,false
y2i1hvh6,false
bgol3hsp,true
o0za5rjy,true
8x6oym70,true
vo6cflv0,false
b6ihe6s0,false
ict4aab8,false
tcpq6cjo,true
mlj64bvc,false
ct3emxnz,false
4sg8rr5f,true
o4t5r9mf,false
vslug4q1,false
r67zcwaz,true
hvgaxc2r,false
bvafi24w,true
prtycid5,true
te0z2r1d,true
avzo1bxy,false
yx5pv3gp,true
kya0zvbu,false
srad168w,false
uz9pqvnu,false
busu9p3u,true
3vv094qx,false
mqyer86l,true
xmefhmoa,true
rnlfjsoh,true
yzpqvod9,true
dy85jjbk,true
8634a7qw,true
ynstj28q,true
pa0kx2wx,true
ezmdpozy,false
gzthknz4,false
4bfbsuce,false
gzyalf7n,false
3ektm8pl,false
bxcz2xa0,true
9dkcia6s,true
mmvikkod,true
4tfixsxe,false
6yibl4eo,true
tzh1rfys,true
160fxc43,true
5oq1tl8h,true
iqxtn8ez,true
qmoyt68l,false
xu4eqmtw,true
36p1k31b,false
zk04x81w,true
dbmyolza,false
50hw4hah,false
hzgv0fxq,false
3jghy0f0,true
zmvt9l8q,true
0fsefpdc,true
7fvaolc1,false
1ogykyne,false
x2ciko0x,false
9vj4a6yi,true
j012xdu8,false
h2oz8kki,true
0ep14kfk,false
xy9taoel,true
r1634v7q,true
01e1beay,true
4pljtm7n,true
ex01e3i8,false
naznph2l,false
1tu6rxg2,true
bycsktd2,true
4138yax8,false
fwth2wto,false
ixh0csne,true
mztk6q89,false
llq682hg,false
0un36v9w,false
1b4petnb,true
8bpzmkkg,false
vxj100mq,false
xr9kw11u,false
ja7xldsc,false
r7rj6um6,true
qobmpc2i,true
h4hiwfnh,false
juw41ve3,false
khig1laz,true
wrjmm0q3,false
x61mple3,false
twcfcwg8,false
vdht7kl3,false
ky243alc,true
ckm5a5km,false
m3whe891,false
0irt5r12,true
mgvgomyd,false
f2lkfh7o,true
03zi3y9c,false
pg3qp8jt,true
1csjo6bc,false
z1rts7yx,true
za5dxlrj,false
5423qmg7,false
06xhz4a0,true
hw4sop7i,false
ikw9hzae,false
dggtevgk,true
gwshygic,true
xlphvbjb,false
583709i7,false
quorttdf,true
7bqg0nnh,true
fhnz3kb1,false
c1mluigm,true
4ii7cdof,true
di72mzbq,true
f61reseu,false
pmm5zk2z,true
37oi0s6h,true
g6n5xqrd,true
s3xg63wq,false
vz2wju96,false
0ukpkw6x,false
3bcfgnms,false
52za4kj3,true
yxnbcn2q,false
ex8q7u2z,false
4zo0ood0,false
wmmejmw2,true
chry79r3,false
2fv1b2wx,true
62nhouci,true
cgopd5as,true
mhnpr57a,false
12177rnu,false
dyjotmax,true
2ruy12ak,false
c733fx9v,true
pjr5hiv6,true
lctlnmjc,true
8wxe4bqi,true
m4ex8dyq,true
xnhmmgm2,true
r4p6o0kq,false
ppwa110e,true
46n4rzyy,true
6itrkrh0,true
05vj2atv,false
xugrsjbo,false
tdlkg4hn,false
abc526kr,false
si7xsbbh,true
sqhzv47n,false
xo7exo4v,true
k70pbva9,true
yryu6uod,true
qrjth3q5,true
intcvd25,false
1oi45mph,true
ez2lpdig,false
c5hzvjam,false
sauzktum,true
7fyet5a8,true
8jh3h9or,false
mymj9zdm,false
h2hp31mw,true
0yl58atc,false
1f0mqyim,false
a7f3yjk9,true
zrjhvept,false
3ftnl7bw,false
ch27n2h0,true
s4gr28l9,true
h2rpqfbd,true
7lhlftk8,true
l4g7rbvx,false
khr2dzx3,false
xwaolkq0,false
kh4bl0p5,true
rm7vel40,false
ooil4wx7,true
45vtr7is,true
uno3g7v2,false
grti0ygx,false
2fcff456,false
ak2svsa7,true
gc2yk7vl,false
elyzw553,true
jv45wwqr,false
pzd3x41d,false
rrw441fs,true
91rk76yz,true
2kzb4o2t,false
gu4l2jg0,false
lnn51td4,false
49d9xev6,false
dglt5czb,false
9on0o6e9,false
eyi9rjv1,true
2fouau9h,false
m37ry5vn,false
a73xguew,true
ilb44a2p,true
l2zlapem,false
as0wf309,true
280a9uqn,true
hx26xwze,false
unnc6vtd,true
qq9mszkh,true
pf57bk0t,false
zjcuekom,true
sl8caxo2,true
7ra70slb,false
e42gaf1i,true
nhwydvh9,false
bzc2ccuz,false
l28w6p3n,true
9l8bx1n2,false
brpgjl9j,true
2z8fo20b,true
ft9jddx2,false
8j07jl87,true
ipe0r1g9,false
trikfvwa,false
2tn0ugyb,true
o2mqgf2b,true
gr3lplxn,false
k28ridhz,false
4xp1g6pk,false
ld0k2guo,true
v3wz3dc8,false
dtrtrqks,false
1yzjn8l0,true
b838fcw0,false
v05zjivs,false
pwfkr4sg,false
td249qoh,true
wsqcznpi,false
ynuyyyv3,true
eqv4j5wc,true
1kcaik6f,true
es6dm5jj,false
hv9gcqrz,true
dlm8uc90,true
gsu7q1i1,true
ennuc378,true
9um1xn7d,true
afs0scup,false
4fhn2usl,false
wicj236g,false
miae4k2h,false
m6764rp8,false
rihbp4f0,false
2cz92yay,false
034pfqn0,false
ez6lcf11,true
4lug1wnn,true
41uwjlkr,true
2v2v7ibb,true
mbxtx2u3,false
8i1gyke8,false
e0ikhaef,true
n98st0pp,false
h18ebc6w,true
ry7ayngx,false
lxfenmil,false
1kbxegev,false
yfq3va1i,true
n7y9broq,false
o39vr5m0,false
sbkm5evs,false
906cdwwx,false
zgfqufjn,true
euw4p10w,false
i4zi77ks,false
losxxcjm,false
4yobl08s,false
dit2l4bf,true
k2k85us5,true
1c9l5zjl,false
tqrvxxei,true
isa3n9kt,false
cgdhaz8l,false
ehc05u0v,true
axqtuznw,true
crj64ev0,false
bxn8n610,false
scd8ujhw,true
dcb6kb4r,false
4fbz2tte,true
u8bz01ue,false
x39fehrd,true
hj72nenj,false
ncjxlkjb,false
uk4mcc2t,false
8btdxpkx,false
sixoar51,true
4fwi9utc,false
0p4x1kj8,false
v214afb3,true
d5zlpspm,false
d1tctsdx,false
6s8crocc,true
6ppnty4r,false
u0v3hci7,true
4ineye7n,true
kdt0o3dp,true
orqk4kex,true
i6y3q6gl,true
qhmnhg1u,true
s4gnldmu,true
s5fzxdy8,false
8wnp42cg,false
bmec3tp6,true
mmywjtp2,true
3ue4nipz,false
ev69i8xi,true
q2z2yu7z,true
0fhfjnyh,true
u5isl3fn,false
rzi6gejt,true
w1y19jzd,true
tkfnob5e,false
mfrg9mei,false
arhbb0be,true
lz09iv8b,true
ojquh9mc,false
kvhr6493,false
oh7m474i,false
jo5dkyhr,true
9bt8su65,false
pvoeojg7,true
ur3hzrif,false
4611hh0m,true
j3iq7shc,true
35cisldw,false
2dnknmx8,false
7z4vtm8o,false
evkxtedu,true
z8hdg42d,true
nbitz11q,true
es4jo2mj,false
xx4tkief,false
rut62lvy,true
rbtbimlo,true
6946etxy,false
7ycnl3zr,true
0e6k13kd,false
ojaantq3,false
radi1l3j,false
vlskwsx0,false
1hd22mnm,true
0godg4ji,true
9u1sye41,false
ppy6zfqx,false
k34ax2g9,true
8a8az2mr,false
gfkxg21p,true
c3xp3gmh,true
yig3oje2,true
7dlbccxy,true
sjae9oa4,true
rb12ntbd,false
qnu5g2a3,true
sqt55fj1,true
ce7c38lr,true
pc2qhjbn,false
qccsrxiu,false
p0w1v5fm,false
55a0zyfz,false
xofm7k03,true
lrdgesbk,true
zuib93c1,false
0vcumr9g,true
yynsy3n9,false
xr5ls5dn,false
j0z7olbl,true
979wmm4t,true
zqbftdly,true
6lgzli1s,false
zq657t56,true
vvexjgq5,true
gevhtxzt,true
p1utslnx,false
r1dudirt,true
lb34m09p,true
xb7q5oh1,false
ve03voh2,false
ad9w1g9g,false
b9pi3x26,false
0ot1uwuw,false
h3e6tnqa,true
el63p5o6,true
m9vqktvy,true
mk5hubr8,false
x148o17u,true
4eo0g3d2,false
ylp83nzk,false
aj5ym46i,true
0qjh5z4u,true
snh3qab0,true
lh5lg2bt,false
7zry9geo,false
q8pd54tc,false
9agadqo9,false
p1min6il,false
hgh3vvy8,true
f8ys9et7,true
lz4xeakh,false
nro7woh7,true
3a5cnvzm,false
j2m8llgg,false
9ni61bmv,true
rsury1wp,false
f4egf777,true
q60qnrgs,false
ck7prbdc,false
x3w64vqd,true
y1vbepks,false
n9xhjc9u,false
t0yl3mrx,true
y2lb3p4p,false
qiqjr1h7,false
n1jjscez,true
bpaq9r96,true
14d5cta1,false
rf5o1mt9,false
q3h5uadh,false
9yu0vlr8,true
1j41psnc,false
ocm8lb5l,true
c46uznfc,true
8oq94xf0,true
iydifyps,false
wgo25b85,false
eeicz519,true
io5ai0pn,false
cg2k7gd3,false
omayg33m,true
h1w4jjq9,false
8x1rnd9i,true
smynbzdw,true
2gcx8giz,false
lufciuxm,false
r32lihiq,false
vj184nun,false
o0prtd3f,true
r1xjgywu,false
z2w6awrh,true
x2xq112p,true
zb2qyf85,true
lzuyxqgs,false
lewxk0lw,false
igd04yy7,false
8xhk5ko3,true
uyvyyppl,true
gw2lpt0h,true
l0zixs19,false
qy45bvga,true
uxlq67ev,false
getrdsm2,false
qnz7h3rg,true
dmcavpd3,false
k8ueo52s,false
w9gvsxxs,true
q9b2oa1u,true
bged25wz,false
qabth5lq,true
67tz8rs6,true
yv3x3wv6,false
omjp9qpa,true
v3z45elv,false
so47g035,false
cf5zxbgw,true
xq1n2tco,false
3stwwosp,true
wxy1sy90,true
2jn4zozq,true
ep9kr3wk,false
q08bi7jl,false
wwsy1sed,false
ihd0coml,false
1hzzc6yg,false
8uxntu7t,true
u8nkoeub,true
7o91vawc,true
oso6p8fz,true
jt2gyf8b,true
gc13cc4x,true
u896xelz,true
uvwc61rm,false
nk6c2z4w,true
po3ecz9g,true
ozw2br9j,false
221a3lqg,false
uo9xosdu,false
vcyhzn6t,true
4x66kq7i,true
ky84vak4,true
loc77emj,true
8k0ofdwa,false
ml2kxi32,true
2q70l0h2,false
0dwoszpg,false
p2tkxcgd,true
vfvcig6s,true
7bn19q3f,true
e5462zi6,false
1yigd51s,false
h7vch8zr,false
fu4y6exn,false
dplw5pcv,false
4cqksczo,true
q00fjpaa,true
zvbxuh5s,false
0cus6ck8,true
7de1nguh,false
g1kzan3r,false
7spjuhpc,true
ib0k4anr,true
nskwk8j4,false
g8opx7xd,true
za2ngmft,false
3w1zseud,false
whi0wwwb,false
k2ln309m,false
744miz35,false
f7pgvlpq,true
wjh08ayf,false
gnauv9e0,false
s2r6i9zx,true
objglbdp,false
prhfjdur,false
17jxablu,true
gkdzo93i,false
6y5tvw2b,false
ftyiar58,false
hp85zqjq,true
0fvgzjdz,false
lp17dvhc,true
eulgns06,false
v5mi4rap,true
tmsolt0j,true
4nwq5ukl,true
lwasdg89,true
21ig2dee,false
dut86y53,true
5hihxhs9,false
12bti7mz,false
658omx2d,true
dl3lh0jp,false
v252811r,true
aga0h8bv,false
3tvrzbbd,false
11lbi013,true
e1l3eojx,false
sk7bfyo2,true
1nvg1zxt,false
g0ix7f5q,true
u54apvy8,true
sosbsu5x,false
aqs5kxz0,true
y4mg9f96,false
18ieb0kn,false
9fu2pqxq,false
jquoazhj,true
ncreziyc,true
bo3emfyx,true
umqqmhm0,false
m1ykf524,false
ljtkz04c,true
wf8j6oav,true
vs56kei3,true
830026l5,false
iigcpou5,true
5vl53zeo,true
tztjezaa,false
rqozeian,true
wlnt1vyo,true
cuh2ec0x,false
jqdgn9dc,false
kzfmb7dm,true
ubai4b5k,false
p89brdug,false
34f0psi9,true
f6673ul2,true
luru0s20,true
reooi1hw,true
1am52pkl,true
cjhr5vnk,true
1hdyyi02,false
pys4frn3,true
oxrq7dro,true
6ujgo1um,true
u9qp98eg,true
m39u464y,false
vgyho2y9,true
3o31aw08,true
b8g9xajt,false
f760517b,true
fqinthm6,true
awjfzw05,true
p20j1wnq,true
7kkuq2ps,true
zs4t7b2x,false
2ywxl17z,true
8akltji8,false
63ka6jz2,false
z4280htp,false
nft7qkt8,true
r57kktcz,false
g72bxk63,false
6ive8z04,true
3vmsmxc1,false
edqpipet,true
l4xv8tfn,true
c00zq5eg,false
c3txwj4c,true
fcoc29wk,false
egem4ijb,true
tqbz2ppt,false
hip7vt6i,true
5lbfsz7h,false
mnnhw58l,false
1wbpxcs4,false
wgzeq8jn,true
l0fiz0m5,true
iftttv6p,false
wbgibw7v,false
t2xgogtq,false
nm54uxub,false
01e2w1df,true
c3sx1cri,true
ldaqz911,false
9g5kg0jt,true
3gigw2n6,true
6bcbpzcn,false
qm89wiwm,false
0y8u1je5,false
dox02wuk,true
3ld36vs3,false
gv9h3x5d,true
f8hglf7k,true
d4ybp7o8,false
utne41iz,false
ewh9tcwr,true
lgjt4vz1,false
vhjpja4i,true
n8xpgjse,false
u51z380r,false
67u48t1f,false
vrgx6qty,false
i9qpie6s,true
nxpwn0yv,false
aeizs2jt,false
yab21hqc,true
pg3h56kp,false
0bo4jrax,false
aewn1r62,true
65tp69ok,true
roazgcvp,false
ispi9zpt,false
ljw4z3yq,false
k3714cxa,true
fzs5klkw,false
zx3qeux9,true
cmkhuoa5,true
uvp06361,true
69n6w2p6,false
vjegqnhv,true
2l05iuvw,false
3bkw83o2,true
553clh9c,false
wuxs5ooi,false
vc2m13km,true
s8wgrhcv,false
rkjejvk2,true
irj8lncw,true
70a44aoj,true
fdoxx80q,false
i4wbhdss,false
13tz3f4g,false
qcrzmi45,false
aahx6ojg,true
dii22f00,true
2u2nqckl,false
bpouacwb,true
txi6ce1q,false
ukgdcxn7,false
az3m62qe,true
mp67w8s8,true
w8qzyesw,false
eaytqh39,false
ei7h6fe1,true
wfqv79sp,false
wue8ku60,false
b111at4r,true
0vzr8w37,false
e60mpsmq,true
7050ehfe,true
pt27ho0w,true
ipn6949q,true
yw9xzvsc,false
3fqh3nts,true
yrb09yrb,true
59cdzpu7,true
nkipc3qf,false
g0cobccx,false
0el0ty53,false
2xpefb4r,false
vxl5i3w8,false
l4os8fof,false
wo7gf3q6,true
tilyxx61,true
3ebckdp6,false
0iydtu5t,false
pn14amtp,false
z9kuu67y,true
v984jspa,true
fz6lj1sl,false
36529h05,true
i93gc205,true
8nhe8065,true
mdffjw4o,false
3h982hmq,false
sbj3djid,false
ja0uz6bl,true
cxdr9ulh,false
kk73g0h8,true
k39leswp,true
w3m8ijls,false
b3cvqsbh,false
cc1ppcak,false
e4vcookb,true
cflypbj9,false
4klonqw9,false
4tiyd2dx,false
9bq4p39d,true
s1p6m8hq,true
lfwldde8,false
xo3wikhd,false
b4vkxrdd,false
jvij5ak8,true
8k89u2j5,true
6ti46qin,true
q56z4q8g,true
axwgii4e,true
ojvzbzet,false
7sxhumk5,false
isnzod3b,true
f8y4vaf3,false
r4ysyh8a,true
cl2qij5k,false
s1g10lcu,true
9vkt0zbr,true
k4p9niq9,true
qzfc67p8,false
whorn046,false
w4pxeyld,true
c8tbpxhl,false
nm6rqllj,true
8qt3owsp,false
d2ejxzdf,true
oa7ouoox,false
y1ga30mm,false
tslhf7q1,false
kqi07490,false
luic0d1n,true
9aj2ijxq,false
ylro0kjz,true
5yigqy1v,false
7jhxtlwv,true
kqewzfxh,true
slpbx7x1,false
9908pdoe,false
tzy0jqiv,true
al8g828d,false
h5jz9m70,true
n1kivpud,true
voft80wl,true
j2462zim,false
6yqw1y1z,true
ggzwo2at,false
yoe2bjwl,false
2tsf8ugs,false
4tzaz7yh,true
we40itvw,false
kd8wbgci,false
wlk1o3as,true
bjvd985z,true
5cd9gqru,true
8b73evnf,true
ei7fsotk,false
izs25xfp,true
uoj6eipj,false
lvtwc1c2,false
g0rgv8sm,false
vlykqa04,false
mdjn9x5t,true
v15dzrpc,false
s2vh0mpq,true
v60j8ytc,false
7vugqcea,true
z92t6rg7,false
zfu63xw1,false
24jm9cj9,false
7srvzurm,true
03b2liof,true
ithuiifq,false
0ts2sp25,true
9bvf1p93,false
7qywfv6p,true
4t8qbpxr,true
g7yjzc0z,true
ki5ndx5l,true
489c4vd6,false
ntq0evel,true
egzuomhb,false
lm5e19ny,true
gfvm3vgn,false
xuo6itwt,false
94ka97nl,true
src8q18v,true
zuxz4rjp,false
nvi5pylb,false
b3w5mvtk,true
6e2i10dp,false
u7fw2s1p,true
ijm0121p,false
9ej3xkhy,true
t7kn4awb,false
62yofpgi,true
5sxai965,false
viseceri,false
14811s8f,true
44stpvwv,true
bfrjlj60,false
lhclj58j,true
f4nk2w61,true
xmseq7aj,true
kdx87n1v,true
whhj3r77,true
4ar6qnjc,true
249t9a4w,false
fsj78wt9,false
b23v7zkj,false
kp65fi5q,true
pa5lk4ip,true
d3tiumk2,true
mvoeotbq,false
dlurshh3,false
7bjeiptx,true
hbbgq5cv,false
11fgdkk4,false
71j3cvy1,true
qywg9y45,true
tfugqa5b,true
sdvtmqhr,false
xojm6ni3,false
gh46xg5d,true
7f16hf0u,true
yh1ibqtx,true
jp9cssqa,true
m7qk8ftr,false
o2ptx48m,false
wm3gd9td,true
ryeo6oge,false
eeyxedjc,true
zbgjfqk6,true
kwawx6ez,false
uxhje7ov,true
vjv955fx,false
u5ymh8d0,true
u23rpkca,true
xnic03rd,true
ffkqy8aq,false
sf77cxpa,true
k51xy8xe,false
0fpmcdqe,true
ooxpw74u,true
m2c0hio5,false
x8eib4ik,true
j7wtp3vx,false
is33mgej,false
frdzfvxe,false
w7odv34j,false
j10r4ke3,false
91tqj37x,false
b5ftn55x,false
fdta9x4c,false
4sdyxp26,true
me2jh06e,true
ovvegzue,true
74vby3gy,false
i3zyrqj4,false
eyb2ng8l,false
yz4i0jwy,true
hp2j2pez,false
qsdtz94k,false
u4atdx84,false
8bje8wt8,false
j1nnlgoy,false
8m78wc6n,false
7uyevr03,false
ju5q52e8,false
479isc6z,false
f4091h1c,true
f3qk650z,false
mjxv92tw,false
qyo72ekh,false
semeszr1,false
3hx5e4it,true
syni2z7o,true
9qq1kqns,true
naj1u0fv,true
zvj25f56,true
0fq2pnof,true
9k2w5xpf,false
slpmctoi,false
npeg9cj7,true
wh2z7ftd,true
tk8g9my9,true
ewx4qjzq,false
0ipbyuad,false
1hirc62b,true
8pwzxr7c,false
oh0lbwae,false
76m16lu2,false
1z96t4nh,false
xnfc4vjt,true
ligny76r,false
v18hxw92,false
manwtzac,true
nff69jys,true
1lb271se,true
dsjdbfk7,false
bqkqbcd8,true
bs3vsu1w,true
ybf8ud9e,false
x0o35tzp,true
a8hjj46b,false
iujy1aw0,false
4z9pxu9w,false
st540jhq,false
m7rgmixg,false
bq703hpi,false
ug2dw7zk,true
g8wcoell,false
ji5jh9cp,true
9x6hethk,true
2zkho1vm,false
el9u4f88,true
d2qu3bhr,false
riq6ckbs,false
8nzd4tw4,true
y0q6jijp,true
d50yn00v,true
wa7jozd8,false
r6yt4mb7,false
xf0hcevb,true
j6tki2cz,false
et52abo0,true
5olqspdg,false
9yxlcgt7,false
k0b4khm5,true
c0cinqgd,false
5c038p6f,true
pr4vp6oj,false
nuqdmjj9,false
o6avak4r,false
r305fm8r,true
91dnywl1,false
w1fi037l,true
zlv3pb5e,false
32afysca,false
84djdfg8,true
h9wehnt8,false
vjprtvua,false
8wyljiyq,true
gvuvyp14,false
iy8cht54,true
rag8dfz9,false
58jlbgoe,false
o9gg68w0,true
367yeu9u,true
b1fhm6u3,true
hxikx7t2,false
x9o4qufn,false
dsqb4d1t,false
s0la37r6,true
cgkax90w,true
41fbaqmk,false
bofo3feg,false
bbd6pgtb,false
lbxflx5f,false
kvcg8vna,true
n29nb02c,false
9u05qdjo,true
0b66mhvn,true
r1rg5fnk,true
t7ws7nuo,true
t9tp60hv,true
th654pws,true
fflzeq75,true
3z26pbls,false
azsp89ro,false
br65gtzg,true
ia5hm8c4,true
j8wt3lli,true
a2t2udsw,true
fercwb4c,false
kzkwdg3w,true
ub1m37kh,false
8vkl848v,false
kz50tnea,true
yxdb5csf,false
rsijmnc3,true
z3h8o5s5,false
2jr67de1,true
chkkpn1u,true
0dxqnuwy,true
b7iwr5jx,true
79ug6o7s,true
7dpu6ikx,true
1537unpj,false
80xsgsyu,false
56f6dx6c,true
10ms6gx0,false
nkjx4b97,true
mb0hdw66,false
589bqbgd,false
i9auvk6q,false
br5mlbbs,false
kzo7bwyc,false
hz785i7r,false
4lu5dsx4,false
klchvhuj,false
qca04hz6,false
rlbtlr36,true
8ngi2g5z,true
ewxtnh0o,true
2yxwx4oh,false
hrozh7i5,false
jofbv8yw,false
mil02z06,false
owhsecji,true
pufsflqj,true
4ijvof6t,false
z8ripi4q,false
hcmg16xi,false
qseage3m,false
fv2o8i0u,true
s973gpi5,false
xfdduj7i,true
ohsb47dw,false
g18vem05,false
tli3kn0h,true
p0j7k66h,true
ie0u4dp4,false
fg739f2w,true
jpqxp1nl,true
1tklyw9u,false
6ptnv6ci,true
rikjo5tx,false
wgqfinu7,true
jvfrq6ga,true
e7cpm981,false
e09wjw7j,true
vr8c5btf,false
4gccru8r,false
6hb8hobz,true
4csnd5az,true
sdrolmpb,true
grnt7q5c,false
eqiy6pqb,true
9cuohbi5,false
4jtkqdxm,false
m99iidv9,true
y374gigd,false
12tfopau,true
dys631j3,true
fbdp2rtr,false
toi167on,false
rkt2daqo,true
nwh9wvyu,false
g4b199ig,false
3mubuvdb,false
x3ext5be,true
n4jbcqtq,false
yby8l9yw,true
7tknq7wl,true
6zq37gmm,true
4uzxx49m,false
z98dkpxi,false
1w3gxu4t,false
mb4nkcr9,false
fwd3zg2z,true
c6792n6m,true
91h8uhjv,true
0ghfbw5d,true
rnh3baki,false
wnvlkhqg,false
pvdmmc8g,false
r8d33b79,true
3b5cflmj,false
9abzzol8,false
1n9g1jqx,true
6xizv3ba,false
lp3s7q0i,true
id2q2uz9,false
hbfr1msz,true
jzdnod4a,false
syr0pdum,false
jsaa618a,true
0vsmawqp,true
ijl4mvqz,true
11rhtcsp,false
5lhccqph,false
86tdw7cu,false
bipsswkv,false
bqrkslq2,true
zeb72nyr,true
9t7z7mp4,true
ab8u6v5n,true
t2k31r2u,true
b73qbm53,true
8zpv5g0j,false
zp89prgt,false
n9d6vq1q,false
p6ziczm2,true
079r7rkv,true
7003z7ki,true
hj599z3q,true
5p3kql2x,false
9ftvbdyk,true
13tvlg2h,true
2av0jppr,false
zyj0m5uj,false
m3g1drlv,false
ngjrcjt3,true
kogxpspc,true
dq1glkse,true
ki9b0uxy,false
cwyvkoih,false
d4onfpae,false
34aoykth,true
iej7gcot,true
u28gktok,false
kghrp9h3,false
ns03z2nb,false
mzj3nz2k,true
9yj15ns3,true
e01slcho,true
850zriuv,true
z9sbe1j2,true
o6o1blf6,false
42qoz63m,false
ib26y3dg,true
hitwiusv,true
59ftxz2b,false
l1odokms,true
wn3yviio,true
azdj73j7,false
1u6pd1m3,false
oz2jrsm7,false
vtswz2zt,false
09r8lt57,false
dxteem43,false
lrq8hrr5,true
s8twbvxx,true
qtwq5ifl,false
v03m6z4t,true
eh434wbz,true
vmt8fxgf,true
c0bu8xol,true
xdjss1v2,true
iomrxj94,false
lurvi8p7,true
n0kg8pm9,false
f7vj7gsu,true
tq3b7woz,false
vgr9ix4m,false
va26bj27,true
5ja7jdqc,false
b4xlz2wx,true
xn0hhblr,false
ui3plp6t,false
vlash0kz,true
jasgskn5,false
vdlrf12r,true
pzi3tyra,false
ygk03fap,true
6umrn2kn,false
wb8hswbz,false
swguo9h5,false
tz0btjgk,false
5w9uyie7,false
f1qo6pxt,true
r8ovur4r,false
5edoahbj,false
18xdvy8r,true
yb11jh2k,false
gl82fokz,true
aahfrfkj,true
3cm65iiz,true
b3ousg25,true
i8k6jzk9,false
ximahmlf,false
s6t46vgs,true
nuse5hs0,true
41zuahov,true
zu0qfs96,false
b70knvqd,true
cg5hypw3,false
h6pjiwhj,true
ll8jqjvk,false
27om1ssh,false
mg7x8v1b,true
1mq1ypua,true
ozcn2m47,true
agc6tz28,true
v10n97ix,true
koco5caw,true
4dt53cyt,false
fab9jtt9,false
058ia15n,true
xbvss9wn,false
vuhuxv7v,false
g9ijwmb8,true
17wyie5g,true
ulahm7wt,true
j2xmx2r1,false
8is1bv16,true
rfxh17h5,true
9nielhwt,true
x2rhog1y,true
f40tvvi0,true
xnk6kirk,false
cvhuxhml,false
izi8yckq,true
we62amju,false
ol6ifue0,false
cyot6x2a,true
kgbfwuhz,true
0y2np4m9,true
c1l5prv2,false
yy8czli5,true
alogn5vs,true
rp1kgtlw,true
n0iqrwk7,false
kfzmzngi,false
5tvus6f2,true
ajd49m15,false
tbrocprh,false
eegnmjo4,true
sbtgdqi9,true
fvol2xnn,false
qup2ywsc,false
qiq4ci60,true
gpei3nxy,false
hrl17q7x,false
k1rp9794,true
t433o2g4,true
86x34hb1,true
0lwjilwd,false
p93k20lx,true
g04m94k3,false
2z1xc8jp,true
pmplyx0b,false
q3y13alb,true
vhk2eeua,false
6gve3yd0,true
tc0i3jh1,false
fe3j6de7,true
g2q8rx8l,false
6xrfthnl,true
tg7c5p9w,true
bscxgx27,false
49cyn2j5,false
cturlm9g,false
mellz97y,true
spgxm7mv,false
4hex29qz,true
grtlwohj,false
7taw0dbi,true
ry1xsot0,false
3p4l92qm,true
l4c66kte,true
d09p9xsx,false
1070rbn3,false
9fdb0tmn,false
3w7j820p,false
j1qma0h2,false
15fqiqjv,false
rdmrgfh9,false
zptsqaca,true
0qtw7tpy,true
61mctqfb,true
5bylp7m9,false
vi88xluh,true
tdguu2g7,false
27ld5ta7,true
yiit7233,true
yetlwmf6,true
r50fb78b,false
6mi4ncu1,false
7pybbs7e,false
7955v5j9,true
aohv4ch1,true
yjq3sach,true
c8vicsey,true
an1ecjt1,true
nbb8v2au,false
dgdiubhv,false
gm1q4waj,false
wku86dae,false
xidaqkl6,true
p8rbxfqe,true
b5ag10cr,true
tgebdzc9,false
ogsxze2v,false
s3sqyw3m,true
9a75xawa,true
8l7x8smz,true
b09ktu2k,true
rk4fpfn5,true
q7rf6qnv,false
ejywbgda,false
cnp2zv6b,true
592jvvfj,true
9o58600n,true
8jgwti25,false
5ivcns9t,false
sbz02u6w,false
fdclstqd,false
6sbg29rq,true
m3lyrm32,false
8crq0x4j,false
mn7zcc5w,true
9fgny2xu,false
yvikcr98,true
47u873ah,false
jbri5e7g,true
u6jwkkoo,false
navlw1xl,false
yzi87unc,false
osazhs7o,true
qdemyrq7,false
j3cwnbyq,true
8jhwr3gj,false
yhod6yxb,true
u1vqbmy4,false
t1rvyjmw,true
tumtyxkz,true
vp9scpdz,true
v6yjf51o,true
4wmx0qsi,false
7a5mqlzr,true
xr2xc3pb,false
voycs4bn,false
8duwtmad,false
97khfolp,false
bv12kj51,true
fp0yh37l,false
z8wf9czv,false
5vmlalb9,true
t4d1087v,false
5enj8mtp,false
6nztijtn,false
1lfdh65s,false
gxm8o70e,false
30h89894,true
2c3ifw6y,true
2salenjz,true
z1mo7wws,false
u2r22cyc,true
l5it6tu7,false
3hpok3ik,true
1i2vhhpc,true
5mf1z8hf,false
e81l06m1,true
wxbqezam,false
jasdl22p,false
p9q7if84,true
luepzpgx,false
vh0wo4i4,false
6uy3c1b0,false
ln97t9z9,false
8cots36g,true
ojc9ds5h,false
zlfejjsc,false
r0yvwy9m,false
4hcu72dk,false
wjffm9dh,true
wdirnqtn,true
6l9qxcpm,false
rwkux3ej,true
4n7oxr7j,true
whdpnihu,false
pwk76igj,false
gxrqpekp,false
dco49cco,false
5mrp167i,true
dvw7u3bs,false
9sgqspbu,false
gyodif72,false
doqu1q6u,false
37tj9k2g,false
s23bkfc4,false
4zouuuft,true
7t8o4usa,false
9a072ebi,false
2wm0356f,false
84wjeo1r,true
kk52ynbq,true
921yskds,false
xiwixz8u,true
uc350q43,true
zw34cwog,false
tqwk18u9,true
wxxar89z,true
jjnmu1sz,false
xtn3h1oc,true
mvn9j588,true
w528fcm7,false
t875wyuj,false
3hbk3rw5,true
8zikdlgb,true
39ou6nzk,false
azqujr1t,false
fhsx13dl,false
42mv5tp0,false
uek944uy,true
nh9ox073,true
iidz80mn,true
s9jyzwvq,true
w6pw3l1s,false
1ddwxd2f,false
cyqyot09,false
h25s5r08,false
iinbm2en,false
m0r582li,true
gflaypoh,true
qynqn3lb,false
6nsmik5o,false
kx2dbsk8,true
nj0yc5vp,false
0ufo5day,false
f79i5e27,false
i5qp1r8w,true
54wfos2j,true
v96tkvsh,false
7qomnrci,true
f6645btg,false
grojhhxf,true
benv1qzn,false
5e4f9syc,true
wak78zls,false
xnxho7jr,true
amzgwv1w,true
p8ajzqe3,true
eibl4etl,false
rjql3vvx,true
v4x4wab7,true
m0bs25ko,false
d975ko45,true
2qi9lbi0,true
jitrt5pg,true
3by40fig,false
98s2140p,true
egr2vk46,true
zdyjnba3,true
jyt6q76l,true
7osabc3f,false
ee06q0uz,true
plwwy21u,true
vrrfg7cl,false
1kzbhy3r,false
m6nvnxjz,false
s08ljr71,false
loaqbllw,true
7ltfjzw5,false
wwk9ry71,true
04s7q1nj,true
73cq7ngh,false
pfz3meih,true
2ycl04yu,true
ojnwzono,true
qdzyf1ep,false
k6zcesiq,true
40rdxm89,true
jzmxvdqa,true
d4ftmvaj,true
xyxjkbs4,true
tto5d7y2,false
tvp93nba,false
rwrll0fk,true
a3gyvp4a,false
qgbcg1hb,false
i2ogswig,false
tz7xwhpr,false
phrvkeqt,false
aaf8q3r0,true
6e6bm5df,false
hkpiuti2,false
k05oapgc,true
xyjcyvkb,true
llgu70ov,false
45z6t2mt,false
3tbl4j2c,false
fbzb827v,false
i8ojomv9,true
qlyl6tbk,true
tucwkuc3,false
9ily75eh,true
b9x3emq2,true
hhi2nz0o,false
40cchnlt,true
0ru7xljt,false
jgws090f,false
n0aa6s8b,false
f3z1wd93,false
zfq5osd8,false
r18demwo,false
xubn7d30,true
i5xenylp,false
7dklmi7b,true
o2q6f5gf,false
t7s7adht,false
asfg9vyr,true
dirztjl7,false
e8g7fwcm,false
w4sthenk,true
dj04gnbz,true
jf7m2ul8,true
2ok1ewby,true
t6g5baji,false
y4x92rh6,true
8x4nt8sc,true
mkngxrak,false
abwgx9ro,false
t48w5qd5,true
ncx4ycuu,true
mig1ziet,true
ieiz3hjo,true
s740poeb,false
z18xuzj5,true
cayjyask,false
g0yizxl8,false
lvntyulh,true
amaz88eb,true
do0kkat8,false
c5ahxc1l,true
01wq7ape,false
z8mdnc1a,false
i6cetwjv,true
3q16squa,false
ywbw1kg2,true
ecwlm1es,true
edpwuf6k,false
0rr2wynp,true
1v8nv9oy,true
ngofwd1c,true
pta5vdc1,false
15s65efb,true
8l4b7vs7,false
nxkamah9,false
7fcknaoi,false
wier0qxh,false
vu17r7a7,true
fljby5hs,false
kq86dt4u,true
pdu2dg8q,false
o1geaohs,false
amw4x8tr,false
gfy80axa,true
l3pxmisw,false
ktcqc1pw,false
f6kil2nc,true
rzi4kxrp,true
tnwdjspg,true
3a6gdhn1,false
0v83qx5w,true
arxn0i22,false
17axit9x,false
j9nqlq3b,true
u82bc8ks,false
9w7afyoe,true
3rj2uhyq,false
tsvsfgi8,false
eqz99e6y,true
o0sbqzbb,false
le7zlcpm,true
3grm9hw1,false
9ovrdakq,true
50y2ozqt,false
fsl9n4up,true
jcnu7z4c,false
cqlf3mwk,true
576licg1,false
p6lqm2km,true
og3ykprl,false
3d6tqjnm,false
sw34nwsf,false
c28dz704,true
zgph0rld,true
o0892wcb,true
3dne0bg5,true
4wzmu8rw,true
1rw8dsgm,true
csvikbkm,false
x6u2p7qp,true
8zw03szs,false
rnhgqrqt,false
mtp2zt81,true
tptyjfgn,false
eteeyt8d,true
g2ryirjb,true
ktvehumi,false
unkftppy,true
7hg7uhja,true
en9bj7xr,false
vq15pfsp,true
2nw5vlxl,false
6mtlluax,false
ogt2y2rr,false
60nwv0h9,false
uizey3qf,true
gtttnift,true
dt5s7nnq,true
3jidorls,false
70a32dx4,false
8tbwd6ga,false
m25n9tjn,true
3d25mq2i,false
t2dirm02,false
57s8hrsx,false
u0wgzeue,true
dcl1gqyt,true
cq3j6hic,true
al9a8exr,false
3tgrjjcd,true
an118t8v,true
tp1lxtl5,false
kzmjws0w,true
lbmdxl2k,false
kyncxrpa,false
zfik1ifm,true
opjexxyy,false
zt8957pw,false
0lpgva3l,true
kcsusb8u,false
dlf57cix,true
xi8nu8z2,false
lietvvwo,false
w2ds778r,false
1tg4edkq,true
ou5min9s,false
f4ti0tdl,true
mj69lz9a,true
tdugxvyz,false
zi1hqhtf,false
dnjzl3hm,false
qf06zfe3,false
5ikw4d5p,true
7rvq7vz5,false
86ems2z4,true
rgavsae4,false
pzom6mfp,false
zbwjk23t,true
tsb6ce86,false
jhe92rjw,true
e2nho0kv,false
i0h6b40x,false
mn8m7uab,false
vck4rpbl,false
3kaqxmyp,true
06vb753n,false
1cgo7rym,false
o7m2qqyi,true
pxwnq4v8,true
0h64bvxw,true
mgg5qagr,true
wnirl2vy,true
p3izhpqc,false
r9ld9bkx,true
wgf5t7xk,true
9enkwr5b,true
pp8d6get,true
wbgoa1a5,true
n65k2up2,true
ry6igplf,false
h02kqb4j,false
g0g12fup,true
k0sb7woq,false
2ulbenpu,true
0f37czmn,false
pvz7dr3z,false
tr85tvkg,false
31l13kjc,false
bjmqatid,false
rncyt6wy,true
oh3upui1,true
82k7ti0p,true
63nct4t6,false
ms6n8teq,false
z1a6xo6m,false
j8vpd1q0,false
ym4xalxu,true
8sx6u36d,true
fkbw6ezy,true
gzj3bg64,false
b3aka0qv,false
nzaf3sim,true
fgfia8jq,false
kcoi3soz,true
x6ru44sl,false
os0yalu2,false
zd2x2pow,false
ut7kddzm,true
qou6lc3t,false
iaodydxs,false
qsqe7uek,true
8xjrwcn5,false
1t260e0a,false
h3acq9jx,true
tsi82t63,false
z3z9ukqx,true
yv0vxhlf,false
mnbx1c3u,false
ec1tx031,true
kybyxpoa,true
dvopt08s,true
5d714fdb,false
t78crg33,true
7dyu2hxb,true
18zhkvos,true
bfbmzgwx,false
egj0cccs,true
2xlvh05y,true
w383nx8r,true
up4qnli3,false
0hs7gr2h,true
na8vv8a1,false
da01slt2,false
8qruqgpu,true
mjirzaec,false
zmm30vtc,false
aqva8wzn,true
jqxxaxnr,true
cc9qz7lx,false
v97s6jzw,true
scdx9c5g,true
jzrktp0r,false
dd91h32n,false
617rlo00,true
tl29d4un,false
h7fju67e,false
0cfywry9,false
1pvwzk2n,true
9hoq6vlz,true
wqy18gi8,true
wmdbg2v5,true
amfsff3f,true
oan3bo1e,false
3ae83sue,true
umh07z0k,true
7fq8199q,false
ctvvlf9f,false
13l1vevg,true
2k9pfuwl,true
r32t72k3,true
b6p5wezd,false
e10k6i7p,true
ex75c25k,true
ockfqmrz,false
zuej9o22,true
fqp0jwew,true
bo3n5h8a,false
duhqy6ce,false
f92nd782,false
dh7i64yp,true
5776zh3e,true
8pwhgvog,false
r7ia7ay7,true
3fgz3uts,false
zpe99ffr,false
k53dvla9,false
ovar4t7a,false
9r6hlif9,false
ccplj55h,false
v0xhdowu,true
7v6o409h,false
edtustm3,true
e3ja9dcf,true
53a58kee,false
fov3xfq7,false
tc547lsn,false
hdghok5r,true
te1t2m16,false
dqar7grd,false
tgri5fnt,false
nhawu23x,true
v1n9h0zc,true
3l5vmcr7,false
f0030r2u,false
7u0avnwi,true
tppe1xk7,false
u2lt10jf,true
ocxab8h8,false
jk8ew011,true
znhr3m3c,false
mkkk88tr,false
xs7tc58r,false
0wgeqtvk,true
8l2qe17c,false
wo8jief5,false
650bd4ct,false
918xjfcg,false
qn6quo7n,true
fou2ltvg,true
htxxx6dq,true
bbbtjvan,false
qlhgx355,true
ncbbbdee,false
nquphhly,true
5q0naoaj,true
iyfem7w8,true
vqkntfe0,false
4c0c5zer,false
vl8lru5d,false
l4wwqfwy,true
pw4n3180,false
dl51ljsr,true
yse6wbbc,true
844pa0mh,false
2gahrjvl,false
ypxbvu23,true
k9sqcrps,true
vla1it99,true
w0k3cayx,true
vnqzufhm,true
ihldnat7,false
nmlebloi,true
sq9forh1,true
7mye21s2,false
z4w399dm,false
gt64obo3,false
t2nesh4h,true
peefrbz5,false
ywgx3f1a,false
8zhrpb1z,true
uvm3ko5j,false
o8u95x38,true
4z5u71ym,false
ua88iap7,true
lop5al5h,false
p07i6uwd,true
4kfh2p6l,true
ouv7mzsc,true
g8y59a54,false
zuyojth2,false
puu3zd1p,true
jgdhvync,true
l5xyhjzy,true
e6fsha52,true
uo7v6bqv,true
gbgylwtd,false
ikpe1jvf,true
66zg8ffo,false
p1e9sdm5,false
51nn44o9,false
bz099yw7,false
04wk3v0j,false
u5o0syhe,false
s3pqwspt,true
hcte5klc,true
tp9ei3iu,false
33f78o8d,true
puyeff6k,true
wnciyn1m,true
adudgjo9,true
qmqqhvna,true
ef7it0m8,false
8tqy521l,false
ynu0l8so,false
2aj4z45q,false
il0h4pnx,false
t77pahkk,true
7pcwcluc,false
nvplw2y6,true
3ld8wz0n,false
99lioegb,true
f24wngjg,true
p4wfhhgz,true
mmu5c01i,false
kuno41bz,false
scq9c0wz,true
4yj9h7zk,true
3cfonjos,true
jpqwfcwu,false
8ly2g0ts,true
y4pv2prm,true
u8ksws3n,false
ibsc9vdz,true
su3tu3se,true
xgnuhxj9,true
bam1wo0s,false
kpg1fvso,false
wv7kq7yn,false
g9qv9vl0,true
c6s065yl,false
cu78g3u5,false
e6omhs8v,true
2vxg1asu,false
h1eouusa,true
expzcn3e,true
0o4v52tu,true
npyj0i25,false
8gezsj3g,true
jlfzr0gx,true
41z4ai57,false
zl235wgk,false
ssetw430,true
7t1di5yu,true
83mo4fus,true
g6wp0jks,true
cu53m47a,false
qzbmh4mx,true
4qpw0tfg,false
jou3rues,false
7o6300re,true
nilph3tt,true
3gydhwd4,true
38ro2c1b,true
pdgls2mq,false
wsdjrltj,false
hxo9c2ev,false
3k6wzrhn,false
iakpgc0s,true
2mqiacfm,false
fd2b4ah4,true
i54smhzk,false
wfq7pqzg,true
pnyfxl3q,true
qu9p953p,true
90ei6pev,true
oxy5ktla,false
885dybg5,true
29q0tj51,false
1bc3dq2s,true
6tjfgxn2,true
o2xg0bpl,true
qk2yh5fr,false
zxua6jq4,true
eyleivk3,false
m1pko9k4,false
tjs4tapj,false
al01oheo,false
n0on74l6,false
npbrvv2y,false
c9835g2r,true
ocivhjbz,true
a2pjbqqd,true
k0ed7yn0,false
o1am1kao,false
cukgdxc2,true
3e953xa4,false
0alfclsc,true
0669tq1e,true
bbrdjfie,false
4gmjssdk,true
muqzu3ol,true
zb3dmvll,true
pw8gj6j5,true
vse2o2ly,true
3qj7micp,false
ksw0tcpd,false
cckpi8sx,true
gtwtax3s,false
t1cee6kx,true
j3m5doge,false
pujo2196,true
lbdtqzo4,false
aa1rqpnr,true
gn4uw2ly,false
oocypqe6,false
pcrb55h9,false
d57l0oh1,true
u0ptsepp,true
vxuzu21u,true
fl5mad2b,true
c2y7wzsj,false
q8kgw3j7,true
p105npye,false
jsbotilu,false
2qx2d65w,true
q9fcmmgj,true
5mubqks6,false
kfextyyw,true
vd32obqx,false
p0h1wdzf,false
pk8irnet,true
ljlk0wu8,false
1jquwoet,true
7969n61g,false
te4l3ipq,true
3huicdy7,false
zmm0zypd,true
9lx8sj99,false
mo9w7vex,false
nfvvlmoe,true
61g8spm9,true
re51lh6x,true
gwy6c5f4,false
tblj2kku,false
z54o9rtx,true
mmxnc1z6,false
141snika,true
de0wu1l1,true
9ollgwmd,false
5gnqby1h,false
qqhblbvj,true
2virze6h,false
zz1mxzw4,true
wvbf5cov,true
98re1l4v,true
qvhuzd8r,true
7kqikno8,false
mwhamane,true
tsqp2lkd,true
o6n0epnp,true
6twuaa74,false
hrt5l42e,false
qcxuwdlf,false
dc4yfoxp,false
nh01ubuj,false
17fsqsij,true
anjh6xp7,true
ai4momv7,true
v1yu3w10,false
2scg7ot0,true
4me8fxkx,true
jn85dxb6,true
3kzrsu6e,true
rurcd0s5,false
8a99ylzt,true
p7ko2xj4,true
aj6ks0t1,true
nku902cu,false
v0ogknq8,false
f8vgp6g7,false
6zo4m7e1,true
ft8uc7h8,true
h0dx12t2,false
6sljfgqg,true
epf99wyp,false
4rglrojq,false
d3xuf74r,false
w26gekkj,false
grdfeln8,true
vacazao9,true
2f56g1hr,true
eww67p9s,false
2mfarzrn,false
2srcdcnw,false
dxsuym0u,true
dngqe99m,true
4xdoqkf5,true
tpuw182m,true
raeqdgu9,false
k4mqoy6u,false
terqfdug,true
pm6x29r6,false
tc68ksen,true
4vbaagk4,true
rhq5yu1y,false
nnjqxrt7,true
mcwt1992,true
z1wxs20i,true
n0l6whec,true
dxi2t4a2,true
skax8x9p,false
uxkttql0,true
fdpa8vhg,true
ihdzao5d,true
v2ndnqes,false
cfsxlvt4,true
3ad3mq2p,false
cnsen41x,true
w470tf2f,true
kjj4p5bb,false
0bp7phes,true
633kzdiv,true
qxq24naq,false
b2hojvfq,true
lwxn75xb,true
2zi2cnaj,true
b12hha9h,false
w7gw966c,false
zvdhf4mi,true
4nerjzkf,true
aojmn658,false
jxajht3g,false
0pazm0m9,true
8he3vbvo,true
5d7pr6t5,true
sdb5op6z,true
bklgi624,true
upnv5exv,false
tu86s63e,false
9jnwoucr,false
fcsa8e3i,true
b11kix3m,false
zhfj3sqz,true
y9wdw5e0,false
9b2etj4e,false
uu1w5lid,false
nxlrbzkc,false
8kiuhuoh,false
co5cl089,false
efxu0mlh,false
rnt5nomd,true
qffgvi22,true
d78akdmt,true
jvbuhs5l,false
mc82jjtb,false
rnih2rld,true
xf4jmpns,true
7vfd1qyh,true
v364h4uc,true
zpdvs2wm,false
9qdu5xqr,false
1s8b8sww,false
hawrxk17,true
hfzcdqit,true
wqai9map,true
5wc5lurc,true
lm6vtnn8,false
tlwcm7nf,false
muwth41c,false
lo57yzgg,false
vrb186r6,false
83z54uql,true
kf8cd2ej,false
t1kc0bsn,false
5uu8kbw7,false
ref10tu1,false
skktpaq8,false
ex22w3zk,false
iddnb1cr,true
a4a0junr,false
0hq91e8l,false
gs1kfz2f,true
gia08ccv,false
ytzuzaxs,true
w4ceze2i,true
1qspkh63,true
v82k4138,false
67b258s2,false
5zvoje7d,false
2w0r9d81,true
h42m5uer,false
o1ydvvj4,false
12bs4c7i,true
heomf8np,false
ux3bt4nu,true
3ls2a2xd,false
5xv2s6vq,true
6g9pi6lo,false
gl7l45e9,false
iokphqip,true
ibz0qhn3,true
nr2ry9rn,false
zcnocsh9,false
r0qb2u7m,true
cdj53p9u,false
7h55388b,false
kf8htwja,true
aygp2jha,false
75779qsp,false
bmqrd98q,false
5uq1d95p,true
ihyacrh9,false
k3lx8xqp,true
86r1jrb2,true
ebfxm9cn,true
1jasq1di,false
teyhapyf,true
gzeq6o4k,true
nvl5cmnt,true
caoqv7g5,true
iw3i6pib,true
4rr03zov,true
a37kzypp,true
h3ohpk3b,true
08b7hluq,true
4zdb66bo,true
382oewf3,true
tjzswg7v,true
7a67npnd,true
inkc2bfb,true
e8hr1mle,false
cuodt678,false
kqylcmvc,false
tc5la5lw,false
55ig8139,false
km76xlf0,false
hy9wagp1,false
1guoqqhg,false
08tol0fe,true
emo1egvw,true
793grult,true
k5al7ktu,false
2o4tpetx,false
nol6v8bx,false
q8t0z9t0,true
o0olp69h,true
mlrmfbjf,true
yuxjs40o,false
3j7kmc7p,false
50l4uo3t,true
3r2lutbt,true
owlho88e,false
ijvrphoi,true
rnfmciq7,false
9wlupdzk,false
qq36r6wv,false
ecjna1i3,true
d19iwyu7,true
1l4deohf,true
r1vahpux,false
353x9i3a,false
wh5lu5ak,false
wbl6zw8x,false
pfucy42c,true
rj0r5puj,true
yd4zeiqe,true
46mhh7zi,true
xl1vpgxl,false
pqdl1j6e,false
rinlhml5,false
willji4h,true
wdyx3b0p,false
olc0pyps,false
uaiban3t,true
umfva5p3,true
2iu08ict,false
gqrqd57w,false
u6y7wn4e,false
vxk8skfd,true
tlgbkpfs,false
f6hjh9l3,true
8b0vw176,true
75exm2wl,false
flj0dmxx,false
umw9239y,true
d4tvz1ma,true
fffb1y0v,false
hayalziq,true
y1y7li0x,true
haqkxlgi,false
smmppe4t,false
sv8d3h6d,false
ruckva3l,false
69g6ishq,true
twq9ktro,false
vu6qz2mu,true
dzjstgb4,true
7o9sih3m,true
x2vw6hxd,false
7myd7bte,false
bqjw594t,true
dfmrpkdu,false
kgnf01y1,true
28v5u8sl,true
xktm6ut3,false
d0x92alu,false
xhvwk40g,false
n2rkkl9z,true
ofl84q2n,false
lpw8tk3d,false
qp3epiub,false
fxms8ab4,false
8lle92nh,false
o2cnnodq,false
jpb3x2ho,true
pmk6822p,true
vm4blml3,true
xfwvhfzv,false
rda3tzxy,true
glpjvo9u,false
9wckl9b9,true
zbp3degu,false
shqavwga,true
laikq0c8,false
dq0dg8ne,false
bzev93fe,false
al1mbhqp,false
t873aqp9,true
vud62xy0,false
nj9ln4vo,true
1jrbr3ry,false
ysx06tkw,false
4sjmtv3w,false
b5t7is17,false
pqfvtgef,false
ura5fbnq,false
774r6twx,true
7xt7fabm,false
35428dro,false
psnfpo1t,true
0pe1p3za,true
5gqnv40w,true
uf31r638,true
rmza6uq8,false
wkrgppln,true
uv5otgku,false
uf7wfsb7,true
y2lcroks,false
0fqm4rks,true
m7w89m35,false
5xxz268p,false
ihhiwqpr,false
jg0uqrni,true
b0y50u27,true
5m1zl97p,true
jwogwdb7,true
krob1dq0,true
7o6qw8nx,false
e9umbeif,true
w1mnt3mq,true
h7o1pq0e,false
33gorqm7,false
arrwhlbg,true
typ5mzx9,true
qpyujgr5,false
a1og7mtg,false
alzp8k20,false
flcpi0d2,true
523j9pra,true
jo8hd3ed,false
sdfytwqu,false
uwakuotk,false
f7zxjci8,true
5j5xjatk,true
3z6ocoiz,false
x7w9jp6j,true
oknato3m,false
x3vy1pll,false
6mx9u0eh,false
h8qtujy4,true
x2881amj,false
ydx04cki,true
ybmrconk,false
faevis6g,true
k2k9g2xs,false
ul0dewyl,true
fv0wrhjn,true
fzk43t8o,false
4embixm8,true
97gdypa8,true
ap572ee5,false
3ouqx9d0,false
qrefjdpj,false
7kyyw0s8,true
9qwx001z,true
66gbvd12,false
n6od49g5,true
s95c12wi,true
zchb2lcz,true
aro0zw69,false
w4ghbdpe,true
7srf0n12,true
o3r907si,true
grwco5gc,true
u1j5jbvb,true
rzoecor6,false
6b5hlwfm,true
hxp96rtd,true
3l4ohd21,false
iypar824,false
6kdwsn2j,true
r6k2r49n,true
212v0ira,false
cswb26q5,true
hkm6jhtb,false
cezr728t,true
7depgwcw,false
w243rww7,true
tyud0ttb,true
wehcizb8,true
6rqz2vea,false
7l5kcksm,false
dnp1qatd,true
mio41gu0,true
r54ef8zt,true
2eecoxe6,false
iypbin2c,true
zr1veiw6,false
hd8xb1h0,false
mgu9bobv,true
p3ho3nf3,false
yhn8hdri,true
4lpjlpa6,true
r2huoocy,true
uxk5k82t,true
4vx2dqvt,true
nibb5tap,false
av72ngu9,false
6tvcpazg,true
0stdt8ln,false
vig66uas,false
s0gnf99n,false
hvwrxnms,false
80tm42wz,false
jdkb7veh,false
v0wqecr6,false
ve8t38e2,true
gnc3nor7,true
cyrt4fh5,false
cnabz3dm,false
1gv6c40f,false
cxf154bz,false
w6y9a31h,false
0tkl970a,true
7d33k65m,false
hegs25ph,true
rmyj5t06,false
ohtxkubu,false
p11faj63,false
tykk6jtv,true
yni8a1wa,true
4fmnuvu9,false
oqluf5v2,false
3m4v65ue,true
92jnp1bp,true
cb859ygl,true
c0iv1q8f,false
aa5jkghn,false
v8i9d9j3,false
qgrgk7dl,false
b4tmil0s,true
lj9bq08s,false
ljeja5y7,true
o54x5y1y,false
pvsk4iel,true
0kq146kh,true
t7vajqtq,true
ta5l0mli,false
fbabc6uu,false
n1uew7f9,true
107qetrz,true
bgydyow6,true
hd7qnql7,true
w42m1g1s,false
wkdliq4j,false
ofhqlbs3,false
puiqhyys,true
p9dsluij,false
fage1qs5,true
ehbp913c,true
udi45e1z,false
jh9j3rls,true
h1rp2gve,true
y91f9dh3,true
2mn9e8lq,true
97o78r83,true
2bmq11fw,true
ypebfozu,true
swt04hpz,true
lz42lu3m,false
ri07e9ud,true
rxud2thm,true
ehbazmk0,false
s3g568gx,true
kd9pfly3,true
1dtstdmo,true
ge3l50sm,true
z7wgogwx,false
ixzavziz,true
dd7gxklf,true
tfx9m8ax,true
99hj8947,false
4s3s1wu7,true
14kq0gay,true
bpqr6cg0,false
ocmoty49,false
4j0l14gq,true
3s8nac2i,true
q3rxz56a,false
xbruk9ar,false
vb6z7qmn,false
ca0kttzw,false
dsoxt6mx,false
nucqu8bc,false
aputqz86,true
pyc99cb1,false
aefqvw3h,false
17yivb5k,false
gvics5z5,true
4ps6qefr,false
kspuoqyi,true
a2qbsmgd,true
2o600x32,false
p2a0dua8,true
3i55z92j,false
u46hlfs4,false
acye0l63,false
0zzsna96,false
ze8ltnam,true
cyh26oxf,true
s5m6tl7i,false
f67adib7,true
yosutcgw,true
jjsa98bq,false
hlkzl63c,true
0pbgxm5n,false
h79gtlgx,true
k73a5bp1,true
mohb9cf3,true
dvqp2qn0,false
zratrl2u,true
d0rbr8bc,true
2sku74iy,false
d7vmivyp,false
tepwi7u4,true
bfcs6ro1,true
ad72b59c,true
7v2thxms,true
xub9ktb2,true
tgf1hxyi,false
qzv8ayqq,false
e7eyqpkd,false
ymj724vz,true
937ba6hy,true
w6zf9ey8,false
rg3ynq44,false
8pezwxq1,true
2t5hj1ng,true
cz2vxfjo,false
oxt5jcx3,true
qorjbx1x,true
ssefshbj,false
qlj6atac,true
iog4z0zp,true
pcg3gqqf,true
8j865fq2,false
mcxy65xe,false
3h5t2yjs,false
wwe17pef,false
3fdtx7ff,false
5g8yz3ei,false
as2s9l32,false
v6qldo3b,true
1vkscxav,false
ynmq2uxk,false
m6lrqqkk,true
g173ev95,false
gmzejjbp,false
vnfipzro,false
tgv2algy,true
dfg9znk9,false
ksb4s6tn,true
ta5gva8u,true
23s90gob,false
7o2t1frn,false
uavtqmiv,true
5k0vr7e5,true
fmrrl1ro,true
stmf4w0i,false
87uy7u3r,false
1bjbuyto,true
yh4gpzi0,false
xgsxjx0w,false
7dkw6sdl,false
k33rmqkg,true
gwmebeo5,true
f2531oj6,true
kk0pklql,false
lp5e4b9h,true
cykghxv6,true
80f2o82m,true
b7k4ex6x,true
25j6yk9a,false
6s44491a,true
i88upa0l,true
ytfrt07m,true
8g0g73aw,true
qd3obzxo,false
gfk48kaj,true
2isft2sm,true
fhtpbdi8,true
sjnxv6xh,false
yklqu115,true
zndjhcbr,true
hh0qw2q2,true
5whkan5r,false
7ndqlon1,true
dzyqdjq2,false
5x4l21pa,false
8hculfmy,false
grzeg04i,false
se0wee7h,false
3vuorerd,false
5t4bpk51,false
8mfy68wf,true
1598a4v1,false
yhcg0g1p,false
kpq33ng3,true
vbjbq8z6,false
ofpp0h8u,true
6nsz8zu9,true
v68572uh,true
9nnb83z5,false
artffa0p,true
fl5k0wg4,false
xjx82pjm,false
1m8f615c,true
j5gtvf6k,true
z45gav9n,false
5e2go82q,true
rlu6dh6n,false
h3vct592,false
gda522aq,false
i2re1573,false
ulwdvkt0,false
caty4p5x,true
mr4nzu3p,true
9ci8xr6x,false
emasb1ja,false
xjwlldpx,false
tf3jwsty,true
vsx8f7b9,true
6qfrlung,true
fhp3kxya,false
jwvoxr5a,true
qfxof6tq,false
ni0x7c51,false
5kzk6fm3,true
wlu5hlpi,true
a33wwplj,false
221qsnux,true
zwawvw6q,true
my550stz,true
x67ww231,true
v5ix182l,false
grevc274,true
62n396n8,true
j03dwfnp,true
nbhta32k,true
s8y22r8b,false
tfzdv2bs,true
l7db8k66,true
r3wo3yk9,true
oiknygoq,false
8lh8q2v0,false
ht24c2cu,false
nmeqrop5,false
utsl10hl,true
vd0em60j,true
yqzc9g8n,false
4r5tf42h,false
c9p6wc0x,true
v1qg77vr,true
u0bxm78l,true
ea62xis6,true
491npk23,true
cdyoy8w8,true
tk3unuu2,true
u7k0bfmj,false
x7pbduaa,true
b63v06k4,true
a7po0qzm,true
ejz9r9wk,true
9m8ga3ev,true
xr24qoc7,true
2yzi1cq9,false
6psq8az5,false
3vwv6pz7,false
xajzzjdy,true
030j6pa7,true
5v8jfln1,false
qmi9idnj,false
f4g1unwf,false
fhut9klf,false
pl2cu8pb,false
gdojwaty,false
zgbxnml8,false
frs8rtyx,false
tkb87xuw,false
d4mzr90f,false
12qd0icg,false
b1sgro9j,false
5wcw39l3,false
gliidb7a,true
1z48bunn,false
qvlgjt9e,true
2bilxv63,true
bxxg15ms,false
vfjcwvve,true
pohp67km,true
k6mepxkw,false
rw2mokus,false
e36hva67,false
8k40vz0v,false
uenwv1qo,true
ra3ep7m8,true
je9fpm6v,false
xux9osju,false
is6jvil9,true
9s370exg,false
urldc6gi,false
kk8ljhz9,true
yjhmvrc7,false
ouj0q8s8,false
4nh2f46w,true
ms3u6bor,true
t61hxm1g,false
tqlxw3d2,true
v535we42,false
hw69qdvs,true
zay016pt,true
am6igcjt,true
7rkelzoc,false
9vs4h1vl,true
860c5mw4,true
lrlo5b58,false
mqqcqaln,false
vcnad38p,true
x65xl2bf,true
p7cdneyk,false
kx6v6ja4,true
mz4pexkt,true
rbu7y834,true
0lsklfab,true
su838vqm,false
oups0xq5,false
7r7eg5ef,false
776ycnji,true
f2gj5icd,true
yatnurv7,false
3i6g5i5z,false
osf8yhgw,true
4njvwoyj,true
bkhgjt8l,false
2hj6sh66,false
qhtujwof,false
l1mhrso8,true
b0amvuev,false
3cv7wcgq,false
fosw597a,true
lepnl53s,false
wlr8247s,false
h40didtg,false
gs9d6xkk,false
erripjvo,true
8mdssvxa,false
n5ibd5er,true
df3dj7f3,true
esjryn1r,false
111j933g,true
suwhcny7,true
0lfwwqqz,true
mkqfw8im,false
5d8f8p5c,false
px82dqqh,true
fhpxe44o,true
j2jpzpa7,false
mebkg6ay,true
oforajaf,false
bz1oerqg,false
ajpsac5s,true
6ijrgggt,false
o32prd2o,true
6d5504pe,true
7gs3holn,true
prlj3qz5,false
ijbezmk6,true
g72ad5hg,true
umb64nfq,true
dlje7w72,true
nxqqjrx5,false
pbppb2kl,false
ueieojog,true
r53l7p03,true
820opkdx,false
vdqvdd1u,false
e7btw3h3,true
i3xl1pci,true
1o94qpcc,false
y184n4o3,true
la8dvszb,false
cu3vmmnx,true
lnmm8e49,true
37efgty9,false
qopeemy9,false
y6w1827r,true
kactaq2c,false
i0n6v61c,true
nfz85psw,false
2wuzfr8x,true
ah5sd4hi,false
7nxccjqf,false
4flqh7i4,true
x9edgwxk,false
zi5bw3ub,false
va73f1fc,false
n0xlpznc,true
qskzfcdb,false
dt1eps1r,true
fzjyczsi,true
i1c0s59e,false
mvc04lve,false
xpk6nh0i,true
17ovqfg1,false
w5x5jml7,false
hhig4ngv,true
vlk0wovs,true
rni5bmg6,true
u7s7r4ju,false
iigh6nb5,false
h1higf6w,true
hmxehu58,true
oo3bjyrq,false
4byt9coz,true
kh87gbna,true
zqkwyoqf,false
o89pt93k,true
ga6dfhzp,true
y4qryhfk,true
zu9ueijx,false
ugufi66a,false
8ynunscf,false
7yjh5fb2,false
1qdyejuu,false
0r880hhm,false
e9stwy30,false
28b4kxzd,true
xra96sfd,true
tysf4c5i,true
vnk06bmd,false
o1sbg5fp,true
ie304yep,false
e3p4262l,true
2tryh63r,true
9ebbcgvh,true
dsx6f7e9,true
lae9i38l,false
sn9wujkf,false
vcuqu83h,true
h7s36an9,false
jmyf88gk,true
ij0m9qee,true
cqebwmrr,true
up0hmd5a,false
9inn4wtd,true
6thpmlqm,false
wl5hzdxa,false
mmppst25,true
nw77j1g7,true
4wwq7pz3,false
4g3wspcy,false
nfjqdcaw,true
d3fee9ex,true
wy1g3lue,true
29a5liwt,false
nuu5gn01,true
vy2rlhlk,false
iwjjym0o,false
exoxoqpt,false
u5r05idd,false
supjr8gv,false
mcf69r1q,false
21l9pm6s,true
torh8b5d,true
2jameacm,true
iplruuqb,true
q6245wwl,true
2ahbl3mg,true
8nes6xjq,true
uqflku8b,false
f8ixiijw,true
cgl2zkdm,true
9gti590l,false
6ao7k1tm,true
28cqdu48,false
1ur0polc,true
acdv2b88,true
ovp5rl4u,true
hqbbb2p5,true
a3abce6e,false
8tcq2qt2,true
xabc262x,false
yud8poq9,false
2cohbzql,false
pfbdgylc,false
bsoethh0,true
s29kn3d5,false
84gn5w69,false
8h7rfb7p,true
kszk8x7g,true
nt0rg2tx,false
n68ftb8f,false
3b34ebit,true
sk0ovogn,false
ngk3ou8t,false
9ha6x4vk,false
dunmt9at,false
m6yv7e08,false
2e6zmjc3,false
36ihkb1r,false
unlpjpj5,true
xwoxaq4f,false
8rxe6k89,true
0sc8a81l,false
fit4d9o5,true
nrzkhlht,false
wyvbrrcn,false
l5c86wok,true
efvrauuf,false
nm5u7obr,false
chcbiwyz,true
6s777tqi,true
fvic50rm,true
sejre11y,true
k5ajgxsv,false
78i7odl7,false
1g4hggvw,false
bbo0xiqz,true
ghl85fg4,false
oj2ufsat,true
lvjgmzy6,false
hvyas7wy,true
6cc0up7x,true
00zqc354,true
0j6fpgol,false
i7nfwqty,true
0rc6omme,true
9wetfb23,false
4r30tgxm,false
pbafw55f,false
vidf47yq,false
m71thijr,true
5q9996k7,true
ox5q683n,false
wfvhonrc,true
awqhvi1v,true
msql0yf4,true
tmqxyxd6,false
we8ajxhq,true
4e0b1gbg,true
9ttpsy91,true
4h4vg93m,false
wg8ldjrx,false
nyjbdg2l,false
rteyojqq,true
wyr44duf,true
yit19dkw,false
ryg9tbm4,false
ly6pgbgh,true
lr6po6pp,false
7q22dyrw,true
oo5wkdnq,false
b59m25jh,true
kem30ys4,false
ld2tw4ze,false
1pumtpz5,true
qdjajj1v,true
q01a611s,true
41ihrjpg,false
hlz3270o,true
7rsf0prq,true
b5s19fir,false
fm50qnb6,true
h1vuypje,false
e0su7xqk,true
rx0ph07c,false
mjbl6yzp,false
sj7je7ks,true
y5886aar,true
fjcqd1l2,false
faqr8p8i,true
odc53tpd,true
vfqj0qzk,true
1pl26ycd,false
5tlm0hhl,false
zs3zx6uo,true
1vgcbc0y,false
e8tt1rn8,true
09uadf8t,true
agqa9ojr,false
hhs920o7,false
tx97eftt,true
sm7gpwls,false
zvw31yg3,true
9abwsxpp,true
q5g26oib,true
4tofmu8f,true
1f7uhyyo,true
e1dol2bj,false
xftincfy,false
0qyto74j,false
hdyst8oq,true
hu0xcl8g,false
lkdfapat,false
0l0z0wv9,true
lsyw9oht,false
edm6upxc,true
5tbtiau8,false
fo3ayr80,true
1utl6ppu,false
edej4b4t,true
h5zchq6g,false
4356fq8e,true
lezlb3j7,false
cuqs1nm6,false
blh4iiii,false
kzxqn45c,false
9rmdloq7,false
5ykyitvr,true
dhjknifg,false
6y92vvwh,false
g68jwm8n,false
9lyabzju,true
o0x32bsv,false
fsdme4mr,true
h8kwp7vs,false
p0fzy30e,true
ecsjkp2a,true
hwp4nn3h,false
954nymg2,false
yn4uvitk,true
k9zjjptf,true
vmn9ay3o,false
icqfp7lu,true
badofwuc,true
7lt83qtp,true
vdgqbs10,false
6o4oinrg,false
wdydykla,true
g9q3bak1,false
xhs11wad,false
itznk66o,false
fl584jen,false
kq9a5viy,true
t5dvbtzv,false
1a03lpgz,false
p4e1gwrn,false
nx2dkoc4,true
crc8m546,true
534gns6p,true
2uyva33k,false
2lecgmb4,true
j9z505dp,true
dqe7bdi6,false
d6xb2r5h,true
4li8soow,false
hxczkbij,false
feo3e5vy,false
cn3vefpt,true
ljma9owu,true
fap6bkfo,false
t3zofcan,false
4ud5w1i0,true
plnlru5b,true
miy6iqyx,true
ba4u2u57,true
96l0s2ou,true
saor4z42,false
484yzt6i,false
vdfxz1y3,true
c4s5ueh0,false
3b7bcvz6,true
gi9yv6hh,false
94b8s5aj,false
5xqno0r4,true
0cnc75g9,false
9cauhxu4,true
a81s24x3,false
xy1o4ua9,false
v23kbljn,true
2jrox0wc,true
047scs2y,false
pilghez1,false
4sxlno18,false
xlicfinp,false
st8mob4m,false
aw8ksldq,false
ynh4q82a,true
53ngfpyj,true
w110eeop,true
pw9ci2f8,true
m6e85957,false
aypnnc5r,false
xm2pspmr,false
qo8yxbsd,false
qry7mk8u,true
8gnrl1pf,true
smo04jfd,false
u09bkgbb,false
ow2n1zyx,false
nzcf2z60,false
tock2ute,true
2yl8rgvw,true
iy0oinxf,false
3rkw4t6u,true
9edqpq19,false
3kjm7hzv,true
g4h1mvxg,false
zb0742ca,false
9ckfp0ef,false
vpjzztnb,false
xrt6sanr,false
dpm3oxno,true
9tkcnqnj,false
abvtdrre,false
kiuzbjcn,false
ucshw920,true
r8i56eb0,true
7zjx1gpf,false
r65b54qj,true
vwjhjqsb,true
wjm324m7,false
ur6aoyah,true
2t7b79ko,true
9qrp6356,false
g07blwku,false
ygfglzl7,false
xcz5xw2l,false
53pd5k9f,false
ettgn5m9,false
vwhbpgta,true
tmq92f7a,false
c9llmoop,false
1sogz858,true
q78thpu3,false
tflns570,true
2hefo1fh,false
uz3bp1f9,false
6nxrd5f3,false
hyz0m16x,false
17kac0f8,false
2yjsao6x,true
pvhmjweg,true
vh63ilkd,true
2l15zfo8,false
szmiagjv,true
s4aux884,true
avvim08i,false
bo4lc6xf,true
kacfqej4,true
cvzjklng,false
pbvbrcfm,true
own5gmii,false
reoo299q,true
8ze4k8zk,false
5repdrdu,false
as1mgdnj,false
kf5tvfos,true
b60gl6fc,true
wj6djcu6,false
2cx3jvk7,true
cfogungu,false
r3pp9nq3,true
o6lyzx4g,false
vzxwv6tv,true
osuh4tl3,true
9j28ryx0,true
gwg47052,true
iqe9q9i2,false
w5aoir48,true
qpssaee5,false
mrkee445,true
18szmfk4,false
pi9o5li4,false
munvcrah,true
frkqej93,false
bd7t1wzu,true
dpzof5zi,false
4moadi5q,true
1f9ffmid,true
xlu0utp1,false
zjulmpn3,false
hsrt6fhj,false
ehpy80uj,false
gh5wikji,true
6buf570u,true
mk9jg8iw,true
eundqsx1,false
vxp4ezir,false
zejsprog,false
t6fwxnwe,true
5189t5uj,false
edye3qgp,false
uj0m2g8p,true
0919mmlr,true
47zzkszc,true
0au5009y,false
5yt43pju,false
xyuyq3tl,false
v5zqnxv7,true
uxtb4uem,true
8as6hmkp,true
m7k7jztz,true
g1m4o7fv,false
laiipwqy,true
a51njbx4,true
r8rcj711,false
oty47sgn,true
rbtwoax4,true
tkbf7xrt,false
lcnnqifo,false
1x8w515v,false
adeubv52,true
i3oaghk2,false
ei4r7nly,false
chtsfrje,true
et6bcpnu,false
g5xjl15i,false
yrfv9q98,true
l8h3qizk,false
lwlu8kzc,true
69jb3b3g,true
9kvad35a,true
ytcejbkq,true
d5p6hkk3,true
8i5fvpyt,true
r59feril,true
i0oyq9y1,false
aw36pv7v,false
v67kbhb4,false
0lkmlrrg,false
eptirps9,true
eznv54n7,false
9zlzugz1,true
rptgu4r4,true
mw3b73ht,false
vgx3qib7,false
8p5vfdzg,false
mzo8ccui,true
p854e4r4,true
3mm5ydk4,true
ncncmpwz,true
1fobi2tz,false
7fnjuyd5,false
j65gi7ek,false
jemabuh0,true
ndpuuw8u,true
xu631na3,false
indtk96i,false
lh0esgzy,true
tscjsz7r,true
7r23x0fs,false
groz94tq,false
ggoiyhji,false
two2wdus,true
6sm7ol9t,true
gsu6ta4f,true
z48317yv,false
nkcagbip,true
hvj1za1h,true
j9o0npw9,false
x2y2c12u,false
tyd4l7lm,false
9om0vuub,false
r2rh8nxv,true
0josgwlf,false
d9v1t8o1,true
9i3qj3w0,false
oo92b6sa,false
o04yxk56,false
p5rke1c6,true
47osaurm,true
arkp8nu4,true
w0qhcrkl,false
pbfrb0jl,true
rnwnht6b,true
0xdw7egc,false
jggqoaas,true
penlkry3,true
jw9h17rn,true
c3gv8som,false
5302byme,true
e6gpg99y,true
cd8teotl,false
wwe11k94,true
nfiy1a8o,false
rbnufy38,false
ot6dklhg,false
mf1e3g4v,true
awxez7si,false
21g0czw8,false
3utzgzyp,true
5jl0lood,false
oj45zdjd,false
0q096qsr,false
g6b7k9rx,false
0xmk2vxw,false
rbussiuz,true
nqaknltw,true
42ct0o3z,true
0geobmsg,true
i56sig7s,true
ew66zihy,true
s77p4kr5,false
h08nne6m,false
mx5rsl1u,true
sugir668,false
8idgqg5s,true
lec7renp,true
emitdep2,true
e3hstn7l,true
g0p6oapw,true
xe8pdlhm,false
56991xyk,false
mq7j5dpf,false
rrsaja26,true
tw8b8mjb,false
xjoqc1bs,true
2rjslmsu,true
mkx8dy75,true
kctzyi5x,false
t7jge47q,true
9of3zp0s,false
0m6chj38,false
h8ec04qz,false
460ibwbj,false
9le3gskq,false
fcboies7,false
y4wt43ds,false
07utaayy,false
ualysqpv,true
8kksu06s,true
j5ln04k9,false
lg2kts03,true
3n0k893i,false
8zyejx99,false
abt05bo8,false
3f02b2xj,true
gv7e4atg,false
393a45l5,true
q59i95qo,true
oytwd1bp,true
wpvjwdnn,true
2im0ma2g,false
tzh6shem,true
obe9grot,true
l70qzs3l,false
1d29r2x0,true
b34drh2y,true
3qkj4c7r,true
i5df7s89,false
jm27oz4l,false
xer1sbx8,true
hk7pmtds,false
kbbf7vzn,false
xsahrur4,false
85zlrvn2,true
w6i343ix,true
dom4qfwt,true
imenw1s9,true
c000ssz9,true
eqpmucxf,true
qpyvsvtd,true
5r43tyy8,true
5mk0e0gc,true
rt6aq197,true
fx2morb6,true
i32504fj,false
8sp7f24x,false
ulq9dydz,false
ykkdl6lo,true
fq5y1s69,false
mx4b6a2k,true
k27e8pn3,true
eti3alyz,true
7ocd59w6,true
bembjkqu,false
zafjqyqf,true
ma82y09o,true
tbdxytye,true
qwwymy3u,false
hexsbkdd,true
rhsgho9q,true
36xbbqw5,false
ayirzhe3,false
4509z8hr,false
6rumm4op,true
te5ws9rq,true
s2dwajn2,false
tb9fquzn,true
2x18doqa,false
9j87rxps,false
nzr3za2p,false
2hyfkwff,false
m0n7bwcz,true
i1gmlbye,true
hhhsdsj2,false
yk139b50,true
vobqlmxp,true
dsa7ayqt,false
chh9tfq8,true
kwn2u1ue,true
ppvc38ln,true
1ilq8gl5,false
z41odu6j,true
gddwz72a,false
4xdfvekb,true
icw908nm,true
78snf212,true
8uxb0x5x,true
6ac6i7m9,false
f1i8oflq,true
iczsb3uu,true
qazezgdm,false
xn81m3qh,false
98vgq9jc,true
6yfqxerc,false
gfrw5pb3,false
kj9amjc4,false
9da7enaa,false
ef7b2jpl,false
4tzb2cm1,true
i95hc6h6,false
0zq9q8xr,true
6khh192i,false
zgunbfox,false
rzltqhas,true
n04y61in,false
1gn5eyue,false
vinefph6,true
9f0mcydh,false
t1erqkdh,true
tsw9y6m7,false
30wsdjul,false
n34usml4,false
49twt1xd,false
vocniw79,false
ess9t7f4,false
uupny0k3,false
i6dmdf58,true
u3yqo6ru,false
1g8l2o58,true
ls6gszfj,true
pj5ytaj9,false
u7de9jv3,true
oiivkee6,true
58ms7huh,true
ft35kxxt,false
19ah8v4m,false
lp0x7uj5,true
1go4d66u,false
p1uxbw8b,false
27d02nm0,true
fkvl7206,true
gl158ess,true
8jnh6xdh,true
tox4ikzm,true
les0lwo1,true
kppmrmoc,true
ddr604ef,true
soag9x1g,false
iu88bw01,false
aec5svb8,false
avan8822,true
0wfsoq15,false
xcxe8crr,false
pau55eio,false
dj2304i5,false
wl2224db,false
f9y5u043,true
pxws8sg5,true
hprtsect,false
3itdlise,false
lwv5oge7,true
qfv26ime,false
4lmhqdz2,true
g5u4paxt,true
hqyu47th,false
pex8ot2w,false
o9pz6alu,true
kj70hzt8,true
512664yl,true
alvwyn7m,true
s5dekh1q,false
ozz5u8ap,true
ygxdxr5w,false
0vizh7p2,true
ba4mevo8,false
dxo4dwlo,true
kghcgrn8,false
autuwnhj,false
sk3afjzx,false
t5q69lz9,true
yzcwxgzx,true
rx3zu7jq,true
8pjgbrr4,false
sxaye8mp,true
6lpupl88,false
ilrznnnd,true
brsnhgo8,false
w9pbhi3c,true
mhola7x4,true
r099lq2r,true
q5y16ddz,false
auto00ci,true
llv7djkz,false
i4jxqq73,true
fypuxpqr,false
6mqm588f,true
yv70161z,false
b62ydvfo,false
ouxpv8kz,true
6slxcom4,true
2459ewu5,false
b06mawpl,false
q3veyuli,true
jjhontoo,true
zelm91c6,false
2tewimqq,true
ywbdnw03,false
hyyqohh7,false
d1pswg65,false
dkelokq6,true
7dqib2wa,true
dqsd271p,true
o7feagei,true
zbepytpl,false
27gpb95g,false
xgh2b0s5,false
cftmghw5,true
ct5h1816,true
jb3o8l87,true
0ufgdqyd,false
09nw637r,true
q9eukhba,false
dj7kjc8w,false
kc2ik1c7,false
gs7qyb0j,true
1yeofp5w,false
ocxiz0ml,false
td2c9u2d,true
ij9jysjs,true
ypkp5wre,false
nnkd4je2,true
wx45l4z1,false
jhabrp4b,false
bppabsb1,true
0mc9cd5s,true
ljv01a5o,false
01nwm6mj,false
yx5fdewt,true
6uqls2rj,false
xfaymz9h,true
uffs7rz5,true
d4cn3dq8,false
24xqo2le,true
58ij0ujj,false
51xv058r,false
y6oy3nwz,false
qahkim88,true
wgrc5d10,true
xl4njrpq,false
oddj7vvz,true
0umj949x,false
0qrw0xye,true
2w52x2l8,false
5q7vamga,true
1ulvuzpz,false
c5z8ghvv,true
qdscnngz,true
ae85h9oj,true
7d4k465c,true
6kwqkv54,true
388rgt2r,true
yd3x0of6,false
59hpc3jx,false
xhejccl3,true
1u4clbs3,true
olozfbqs,true
qx3jp94s,false
9e6onwcu,true
etro8ies,true
5p2oz9wr,true
5rk0i2em,true
a8h3223t,false
2c7c34v3,true
torjd6hh,false
q1ziyqrc,false
f82a9y8g,false
eeea9y92,false
ghyy6121,true
zmjmxmka,false
8x0tq15q,true
ksv942mq,false
dq85p31t,true
j766wtn3,true
k2pmemeq,true
magszpsz,false
81wt3sv7,false
cmc2oir0,false
75kiyn1v,true
3flskzp8,true
6gtip4t4,true
pn8gcpav,false
j9mg6f18,true
rx4nigae,false
3z4qs6r3,false
6205ck3e,true
1xxh5wrq,true
vc89ruuc,false
rn3agg52,false
jqtt7fnu,false
ae0mdea5,false
dmh9zup2,true
xzx73fg7,true
sg6c0wty,true
cqbtmdqq,true
e0m4lk3b,true
e8qub3gt,true
v4evq3ht,true
cfbouct7,true
mg20l9y5,true
pgzunklj,false
th5qisgg,true
2s297mu7,false
dgtcpzil,true
0nsa3ssr,false
j7br1ufd,true
kxiga2nt,true
sryxxvc8,true
vwiranxw,true
p85wkgoj,false
wyz64cir,false
0bnh4b49,true
lb9clprh,true
do1mb8i3,false
5cnufzko,false
fqhfcydv,true
d4q1jjba,false
ihaakqhj,false
x3yf4rhi,true
dmyo6euq,true
jkhf4dp5,false
svm2g1wx,true
x97lf8j6,false
oo9o8e2z,false
05v17ltz,true
g4el3s4t,false
2g7pcxuy,false
40ocx6x2,false
n7bs7x25,true
ctgvqzjp,false
ks5ndead,false
rha424jt,false
abno9rix,false
0hv9hitg,true
tczb1hqj,false
pc3ogfzn,true
xxm8upjd,false
hz1d8mor,true
82ghowlo,false
ub9y628a,true
fx1xgxyn,false
gffmeve0,false
3mabckes,true
7s54pvv2,true
qnzvn7q4,false
05dqe80r,true
s77cg6kc,false
bj4sqfp7,true
lm615ajk,true
hve8boef,true
op0asjzn,false
vyltm49a,true
yocdmdsb,true
0pheee92,false
nkm4yq3p,true
dbj86qm8,true
1db4nrjl,false
j8q036mh,true
wji3p2v0,true
388wnp60,true
t68pra4w,true
qzyont9v,true
vmox1ai2,true
rwsuybzv,true
tmzalzi6,true
cae3t7v9,false
19w0uyfq,true
rd0tdzcp,true
cjqds8vs,true
t13re6mc,false
k4l05w3n,false
2nbuanw7,true
y3gfgn26,false
1cez8x10,false
986noftc,true
7vg9t33o,false
mx9m20z8,false
uaewbb8o,false
4o6m1gt6,true
rofx8iaa,false
y3jigsea,true
nrw7l4y6,false
nekpfe55,true
2dm67u9r,false
tyii34xj,false
ogc58z60,true
eadx6tps,true
60r51tc1,false
wx1nd8dy,true
7z6hzeo9,false
ypkeh8ic,true
zc6wm3zb,false
4hbc2rdm,false
c0nx2bkw,true
d045jkut,false
40l7tfqp,true
wd2szkjk,false
q7krvq2k,true
rzsfjsns,false
vvx7u19b,true
0m3t70va,true
uazcdo1l,true
3cjf82mt,false
ttueltq1,false
iprinc0m,true
8uukv8vh,true
1cmexpko,false
p4j5tstr,false
pp5fu3pm,true
2fhlf5ey,false
k4ttticv,true
qezqf4xc,false
b5lsmsan,true
c24a3stc,true
lbqdrtrk,true
lmgqce3i,true
jfsgp2xi,false
zodjhnt0,false
z913286m,true
8514mzh2,false
lsq7b0ti,false
e9s4rg6m,true
p8gv429y,true
t3c7w8e5,true
rqemooyk,false
ji9itxrk,true
x3ueamqq,false
m39e9wpo,true
m0loq12t,true
gwfe6omb,true
qv8h8c1x,false
2ly6hnyf,false
d53qu5nl,true
s6vxi8ad,true
jicpyi27,false
bb0dkuf2,true
ulmhdqea,true
xeglymat,true
cbrdv1dx,false
vnj609rl,false
62dsnop5,false
kkmfjtvh,true
az23c25l,false
d40sihpl,true
2yd4fv1h,true
07bip5em,false
u3pmug60,false
gafpaz8q,false
tmm0xv7i,true
utt4br4q,false
avwiajpd,false
nw1o4247,false
hhay1ou0,true
a3e0okw6,true
p8rd29ya,false
cy37vmla,true
3krcpie9,false
yjijlr62,false
5nsamely,true
fxh08mog,false
rfr037fm,true
7abk7268,false
r889s3xh,true
bwihrgq8,false
pdtutvoh,false
w5wb5ssh,false
mhj2ahuc,true
4g7bmb90,false
aumxyxvo,false
4vzebwwb,false
dkxsi0ql,false
srodg6v9,false
ucryt3ud,true
tpl0d7y0,true
4lvpnuck,true
s9vfesr1,false
btit9ody,false
w6gr68aa,true
bein2q1t,true
zlx2dtaz,true
3z5io305,false
k3g95yy9,true
jh8ezqf1,false
qsv13c60,true
qejbtknh,true
9kb2qtau,true
kjcp7ao8,true
8hlm7uet,false
cpkvxztx,false
upvdfmmj,false
f7ogsrso,false
x4vst8id,true
nypwap2u,true
fw2wxav1,false
t23o56no,false
qvhu8czf,false
ip0iw6xc,false
2r5z7m35,true
m7wusqjd,true
rw6p3b4o,true
qn3g5mae,true
1tz2quab,true
13vuimea,true
oxthzbv0,true
h1050foe,false
5llfvsrb,true
85zvp2sz,false
nrq92muc,false
o9tca08s,true
aw7kqrdq,false
7w5w44g3,true
vuj7h4fa,true
gc75duz2,true
qqtgf4zi,false
a7sy0ywn,false
utvw32b4,true
uanitzel,true
9k4p8t7b,true
9z8ifufc,true
pnatqx36,true
aly6ls08,false
b1we5mqv,false
d9hcb2b5,true
xuga0vcm,true
rehyyffv,true
s6yn1hdc,false
45yp64k2,true
v0g784c2,false
cie602v0,false
90wwmmgw,false
1acd929l,false
dn8680zu,false
qeco7c1p,true
0hdqko3p,true
z0yzyf9e,true
gwmoeg18,true
mawg92c5,true
720wjryw,false
s1m1aw67,true
hdupifru,false
609fern3,true
ftsaan7l,false
7e5yc6fe,false
z60a9tdm,true
tigioksq,false
ompzxm4x,false
a8zc5uw7,false
g7md9zep,false
ox6wh2x0,false
kofi2mok,true
l3vp2o7i,true
wt5xmmiy,false
4h537uez,true
7v9895mt,true
p33dk2t1,false
nld3mapt,true
x9eowz57,true
rlydf388,false
56d1m3i7,false
zpvuq6xh,true
xkpm73lw,false
ijvm37tr,true
gftewzv9,true
e9j7j77u,false
32lsfomo,true
2ychw6qa,true
jges0ujf,true
iq0hwxwh,true
6y3s7jq0,false
w64ob0gt,false
uv84vuig,false
coskmm2m,true
apusuw7l,true
bjg86wkf,true
afzlek2e,true
jl5oj69o,true
an6atxg8,false
5uptanot,true
t207vy28,false
tbmmss7d,false
kf7br8p6,true
s06pu9dh,false
6blxnq02,true
8ibwxp14,true
mt1rl3jx,false
1jlahemu,false
w229azfr,true
fzoma66x,false
vsl9w227,false
6hv9xk75,false
v4nfjxvv,false
hy5lvk2f,true
76up7x4h,true
wyb5r18e,false
n2pnh7eg,true
2ju3yrvs,false
rfzley69,true
1wogjz60,true
myepuhl3,true
sgbzrj7d,true
c611hy8q,false
f751l8oj,true
o0pubv3s,false
uyuoy86e,false
rb1mm7uo,true
rceb1mvg,true
kf7sy29b,true
sethdt8n,true
qf0yo56w,true
9ca6woff,false
yn0nh377,true
4cw2g5re,true
qve1xiua,true
4jwx9qt2,true
kc1jgejg,false
1v0fcajg,true
6k66ql42,true
vttkb2b2,true
edfzalcs,false
kbqco7md,false
grkhxvgi,true
a83o64nw,false
rn9onwqj,true
lkedjcjw,false
msp17c3m,true
4r8pc91o,false
62jzxiib,true
kj1ilx40,true
8152gp9m,true
a493p9k5,true
r2bd22xg,false
6lecl8sb,true
1pevp7xg,true
h315fimt,false
vnmdvgqe,true
cd1w3h44,false
tgaymltt,false
t0a7g8dh,true
u2cwgjdy,true
p2yy4d9v,true
m2a1mcj6,true
davbmwe3,true
ckwsc4eb,true
35c6ediq,true
nrsqjbt9,false
wxq0tuif,true
upor7p30,false
0omu2trj,true
uunoaq8z,false
1ohylj8o,false
cyw3bsan,true
0pwocw6y,true
szbtsv5u,false
4ho20akr,true
k4yvvw3h,false
jzba6088,false
s7fkrwu3,true
hch6crmi,false
dkri422a,false
ifc9udhq,false
5wr7x1f4,true
xyg51zg4,false
i5dtutd9,true
rvu2rmqk,false
lwtyvayo,true
hzi7b3z0,false
zqx3aj2o,false
pru5ccfy,false
kvvetefg,false
etxn6sic,true
np3s8swl,true
y5ow7erh,true
623lpmqb,true
x6aecn8w,true
c9xmndoc,true
0g7wglvu,true
tewxjk8v,false
rajnqjm1,true
4qt89yv2,true
z08kqj7c,true
qgmt940v,false
8qxtdoxt,true
b3rpllah,false
l683va61,false
zahcotr9,false
uh5e7oec,true
z6wh3n6e,true
sbc40rlg,true
3virjamg,true
0vnht1hs,true
k5dlxhbr,false
my3rra75,false
6sew03sf,false
i1wcjkh1,true
gtbkj8cl,false
7zi7ps4e,false
sigl9b5l,true
4vaj32mc,false
sngt9iwq,true
veviqi7i,false
04qwgxu5,false
rqadktev,true
wzvltxo5,false
3qsaowst,false
duwgfr32,true
oapluu9z,true
v11x7uxs,false
14bw01j6,false
usf57wj4,true
jzjtrx22,true
ic12f01a,true
d88jbqqg,true
wqpos5vi,true
4m1jm6m4,true
yp7x5fnx,false
f04fchxc,true
l1aebzzo,false
xqnx0cdd,false
65lmjn8y,false
rzwncazc,false
3rexfgad,true
8xrshl6x,false
ru5ek2k1,false
9s19wlev,true
zlpuqz0j,false
2x95wthk,false
tti3qpi2,false
usylveod,false
tll1saln,false
tfehdk7s,false
ynegrt0p,false
4hywnb6l,true
dnj8vqt3,false
q8169u8p,true
k06m1mwn,false
t6lr1b6p,true
4cesvznj,false
unyy0c50,true
npq6280w,false
ihu0y59a,true
l5sx70ko,true
j0egtems,false
ah0ariow,true
v8aei4gq,false
23ie1vqo,false
07oq358y,false
csc7afz0,false
o1irz1zg,true
vlvrzdh7,true
ivdvbcoc,false
wi9pz9va,true
t3sqjr4z,true
qg1w4n6n,false
aeu1ann2,false
l2gaptv2,false
iq427252,true
pj1vm8fz,false
bmvbsfit,false
riq9he7b,true
83k50958,false
t1qitgnu,true
5bd9vkid,false
813q4yet,true
d56e9u9f,false
s4105v7g,true
dxjlmc9y,true
kdi42awx,true
7t07fsvj,false
7w3px7xr,false
s11322he,true
td3vv6en,true
dgmbg8qq,true
6x7i83me,true
rrl8sdpi,true
lzuw2hpd,false
7o7w30ov,false
kkrzetce,true
x73lyrm7,false
93qrc0jl,true
2g8kh1l1,true
zsfkgwqe,false
vtjvb20k,false
m7pqrl9c,false
01zvtjht,true
e5aa5z7d,false
9aj36hqz,true
03ohtrp2,false
vmjuu08w,false
eeh6pjkg,true
2l7s6sdx,false
5m6v9d4z,false
iklbebrj,true
33x8r7en,false
o7qrgukz,false
03z1tjlp,true
xo6kbg2c,true
kesirt2e,false
qxqcr8da,true
fxr2d74c,true
tyd1qle7,false
178h5x68,false
u4sjhr3e,true
h51hv03i,false
on5e0ilq,true
1otuiesr,false
3n7jj2hk,true
xquzspy7,true
kr7792c6,false
c4du6ilr,true
iw2sie5b,true
koqpg2mh,false
vkppdpir,false
bjesf3rc,true
azlyp31y,true
6ix7vf1y,false
uvqd676f,true
v38cp94k,false
ytxi7663,true
iznv8r17,false
ayyq000f,true
ou5gn756,false
cyk0mt67,false
8c7k5yjo,false
rawrvq26,true
wvz2i875,false
0fcckfsl,false
0ffrl3yx,true
yws3est8,true
hz51cu0l,false
f7kwysc5,false
hc2t7fxt,false
0ajz14bo,false
n1licepo,false
rwdjvguw,false
jleglvms,false
08ljx1b9,true
qqlk9d4j,false
jt4ni48n,true
1c13ka5n,false
i29xiqbb,true
gg15hsej,true
0zkvimrx,true
b9u12li7,true
4sc3frba,true
uz53sj7e,true
dq0sosr0,false
c3xxjqre,true
i2g39a30,false
athpe36y,false
pz7rbjnz,true
1coglhle,false
sl99xq1k,true
6vu3fxg1,true
30fxqmci,true
akhhnzu1,false
o63ljxh2,true
o4o2yf99,false
0fgbuae8,false
e2h6gfwq,false
ybvutnab,true
fy7q9mrb,true
yr9gmdic,false
nnro2f5e,false
ux3nagpa,false
kxmtkb2v,true
osp51vzv,false
yg7wymgz,false
xm86o7zd,true
hwkl4nca,true
irppu9fh,true
yjqmc7ca,false
5453w01r,true
sr5mjiej,false
awn6w1q2,false
4f4ng1os,false
g9fco1sl,true
8igqf8lo,false
adf8x35c,true
rs0ma03y,true
x5qa445k,true
fgjz8ekx,false
p7mwx6ir,false
rmf5g2y9,false
52wsqtaf,false
o1oiywjh,false
5z21rr8g,true
zynxm2kq,false
ng20kky3,true
bq4ij0ch,true
mqi8kjbs,false
8sj1jt00,false
mbia8hf0,false
uferakxa,false
1mrplray,true
84ysbe6p,false
ey8vv9ui,false
inrezeaj,false
s28rnj8s,false
wrly81d3,false
jh4qs8il,false
rs5ng0mr,false
ix4gmrer,false
v62t7hlu,false
668ag1e9,false
q6iatzmy,true
9jpyfahh,false
smz34vv3,false
ikt7mvwe,false
ee1g71l2,false
s8uzv9tc,true
r3za6nxk,false
11k3pdus,false
23kw1brt,false
67mrgvem,true
5jg41on4,true
0ogyy2j0,true
qcdhglsh,true
0r74wwvt,true
tv69pckf,false
asei4no8,true
o67jysxv,true
emdnhv6w,true
nx8bm7ye,true
urjqrm39,false
aenuv5fg,false
6zw3rexe,true
k9ihqm3s,false
lyqp1fxj,false
booxsgtu,true
kleb5p4n,true
8ur8u0sl,false
1tnz5azo,true
zv4oodcn,false
iyztvr86,true
wmly8gfk,false
cs60ebyi,false
wk7l55po,true
4wbpfyhr,true
cha1eaxh,true
py5trrob,true
eynp1em8,true
iom8bhxi,false
1bl8lzay,true
oa848anj,false
i7aducus,false
5m2f69n1,false
jhje5li6,true
3onnhhyr,true
oggdojse,false
eppo2o6j,false
vuhlihxc,true
0lq14urt,false
n8141pnf,false
513k1q7t,true
k4g6ope9,true
i7xmflks,true
goyj75x2,false
v2zd5yvi,true
c5olrds9,false
9o22sbmd,true
zskdz2pj,true
rwn3rn7f,true
tx5rlcis,true
9ysirubv,false
xdqrqabm,false
q2y4dde1,false
6x6ppo3l,true
81uqd095,false
muiq1bjd,true
ov5lkb90,true
i6gel3nq,true
a6tdynfq,true
alf1g525,false
2wxckhhx,true
cxs506oa,false
yk92r1de,false
0jyeg2dw,false
mr00689w,true
phxvgtg4,true
83qk8hww,true
nq2d3b7k,true
lhhr0dw7,false
acq0n5g5,true
yrzvgprv,true
2f2f2cnr,true
7463gmyb,false
x2nl19bc,false
xzsrrvav,true
ev9kr377,false
zot0va4t,false
vlzfxkdu,true
1u0m3v1h,false
zy1w8agb,false
yg2y2la1,true
hnvk8kvp,false
5d6mbrxb,false
x6e1nybo,true
rxnor1ow,true
xd6h0o3j,false
oelg27bu,true
xjmugh9m,true
4sq9u5ho,true
7zak9gc5,true
tv0scz65,false
sl39djfm,true
f1trbgzl,false
5vdso6pa,false
5e11cgis,true
7ggjyudo,true
snquodh2,false
fj14ligd,true
o2x89r7i,false
9slpdod7,true
jme971fi,false
0beaunqa,true
rcxa01g5,false
nklmceot,false
3rz9qxkl,true
3fm3txtk,false
l8z9b3a4,false
eovf6vl6,true
ixsokcn4,false
igo9azbt,false
pyrx7xmu,true
nn2cbeyd,false
4aswgeo9,true
um19wc68,true
h4nf0n26,true
rzpt6241,false
nkgymjuj,true
r29nmepw,true
irilicge,false
t4n2ybiu,false
1i49l7xu,false
j49cn3da,false
tnex4hom,false
a4ikgmez,false
4aitbhdn,true
j7nubtwc,true
rsghsx4i,true
1yk33i9t,true
8mtx7jag,false
tj3j4iwq,true
mrsguv7z,false
sb45t3ui,false
6sw8emx7,true
9doslggj,true
v67z81mn,true
v2c6f9y8,true
mqqszfsg,false
6j7qlg2s,false
g9w2be30,false
bzljxmne,false
fvigt36x,true
8mfgll8c,false
dcgvogt1,true
nimt1gix,true
ucxmqelm,false
5o8r4908,false
nlam6vy5,false
n623hl6k,true
vroh5bcv,true
i2izkoj6,true
5juni40w,false
u1ovzt3h,false
qf1hdttq,true
unqua8yy,true
c27kefiv,false
7ohmw24z,false
nf2ddu9l,false
i1ouas9e,true
nwn2f6x7,false
w0eb1s2t,false
l1chtqcl,false
2c3myplu,true
4c8nvk32,false
j7w20sam,false
00bm7m42,false
7hyqtghk,true
edhjnsqa,true
pmlb7qqg,true
rxaezric,true
h5c5dect,false
elasgg3j,true
d89dkf04,true
sd3lpqfm,true
iz075zm9,false
6xakusq5,true
mo2p0ukz,false
4fsu5ahh,true
uu23gi51,true
lj629zoo,false
2ohvdo5q,true
b9wfkdty,false
2fen8vfj,false
mvw5ppf9,false
7ha03vbr,true
o1maagye,true
jqg3rt2h,false
wi3q2x3t,false
bs3fq2rc,false
flz04xo9,true
jbxl1adj,false
u0ifh3fb,true
cy2vc3bi,true
4mhnt38m,false
go9rytqm,false
0sjeafky,false
ydo7mmkb,false
ol83eeo7,true
lgl3arh1,false
pb88eoia,true
mr2o1mb6,true
nooaahb8,true
a3cw3wwm,true
dalftxbt,true
wn6bunu0,false
k41rdmzl,true
fs6y3tkz,false
bp2f19xb,true
5keyqit7,true
l7fe7x1t,false
539vpzcd,true
gadkamtr,true
ru3a9qoz,true
raj25h66,true
uc96fmw5,true
07h259h4,true
1oekq5u5,false
naby4vgw,true
c73h90mq,false
6pmqpxws,true
fwp4mrc0,true
gn9xp8hy,true
p3p3suy6,true
6wgqe28n,true
ih7ney0v,true
kmaqzu5b,true
tpp8k0cd,true
rvik5fp8,false
5blgm9ul,false
pzp5kj3m,false
898gw10y,true
3uwjhdv1,true
ma9jbn2p,false
17tsc2tl,false
s7fjmd94,false
379yz0lq,true
d9tfwuvp,false
bmudkspc,true
vcqisjy2,false
s4wqozi6,false
7fje2qoq,false
p4cdqvof,false
uh0tesed,false
caqb09ol,false
16ryjchz,false
3jxmti7p,true
yieelbie,true
bqtg8yzh,true
fvaih7xq,false
e4vfjel1,false
rsbu8say,true
69osa4wc,false
tf6c00j8,false
a6uxsdf8,false
cwdny7el,false
x6i2d0my,false
ahjjhbi9,true
aow1blfg,true
n78jxdn8,false
la1dvuv0,false
hr6a1urw,true
lrt9lbbf,false
2wtcrl6z,true
k28wfpxt,false
garuz3al,false
eii9xh3a,false
2ql6z1k3,false
pdy5w59q,true
zw5wyflt,true
pa14q2ba,false
v3bretk9,true
qdvz0btm,false
dkv2w55f,false
1q0zk16n,false
16rbse6r,true
tg9bzkxw,false
uli6odix,true
0zihnic1,false
33and0y5,true
j16xcib1,true
jmr37d7i,true
t8j83mf4,false
qpsc1px4,false
rk9l154c,true
f3eof6zg,false
cl8c0pln,true
1yl95mv7,true
7ov6jqfc,true
jp4ync0j,false
x6rax2u0,false
0c0yoo27,true
hvh65t2b,false
kjvnbhaz,false
n85as7pz,false
jhp47sj8,true
4lpuidwy,true
dkguccv7,true
1k63pr2g,true
13mh01xt,true
3uc9a6a9,true
1x778qmu,true
t5n059fw,false
qemoy2u6,false
cprw9cq4,false
n4jx8i5j,false
l0mw7nwd,false
i3mne02j,false
36mdwah3,false
mkzz3ixq,true
0irwonou,true
s9hupaqx,false
8o36xsm7,false
e8py4nd2,false
xi3domtm,true
b8is30gk,true
2h91v276,false
0faifkyf,false
c1qmhwcr,true
0ypu3v3o,true
6qbb8v16,true
7i49uzv9,false
inbx1p38,true
tavnqyvx,false
hkoipr17,true
0pl5jd8n,false
n7rq1eps,true
il7bze4l,true
o8mf42xv,true
5vwmykah,false
vzrgwb8j,false
2cbc97n9,true
l8z54l12,false
tt2z9djh,false
luugnha4,true
h0veksh4,true
q7hj3pdb,true
hq2avrjx,false
cg8oxv5w,false
tg57ou0c,true
56h9mc8d,true
vx7rmmgi,true
kdeifjxa,false
aki7chwg,true
zyqft9sk,false
fe89o9u5,false
2qzea7f3,true
wvu370zw,false
4o8jbwmx,true
wn5wuj77,true
phcydesx,false
jjoiu91c,true
gu86zaz0,true
7rl89ben,false
wu3on5h7,true
67sga1bq,false
n8kdlyo5,true
4fjg2vu0,true
xvyatybg,true
n39yx7w2,false
7asa2vmo,false
jkfo1m2h,true
z1jauhjj,false
3bqbdibt,true
zlvlrjxn,true
eau8p94m,true
o6odounj,false
nhdws1rr,false
hwc59w6n,false
uvm8frw9,true
bhk7scdp,true
1cltn1ob,false
kn29hlto,false
aqtxmasd,true
pr29qk5i,true
ca2phcyp,false
8kjkufaf,true
g3c2nrqz,true
b0zfd82a,false
bvankx5t,true
e9ijl3hk,false
bfgeij16,false
b938tf9r,true
5hqkkelq,false
sizhed8p,false
uw0joc9a,false
wpcwjmoe,true
f4fot8d3,false
cvn0dj0k,true
cji6r2ai,true
k16iseie,true
y7kgfie0,false
hh2e7gke,false
c3dq1dgz,true
qscjwmi3,true
59xicvxm,false
gfg2d36a,false
wiwe2o9g,false
yg83hz8y,true
g5hnylmz,false
v89y54l9,false
q324i6fb,true
x63qij8f,false
0gpkeb77,true
411c1ehu,false
sq9puul3,false
ttoml3tr,false
e9lou5m8,true
1dzx1wag,true
ecpvd96h,true
9ka9i2wg,true
hokuikv6,false
vdjhh638,false
lfmafbyx,false
q9qi3yyb,false
7ldwn404,false
nyrdjwmx,false
27xtg1pp,true
9uiepldp,false
ckwmq0fg,false
gtji7dde,false
ozhp0yhg,true
qksl5l06,false
t5vqjxwh,true
nyll9pvc,true
4ve9nbft,false
46yesdao,true
gifpmb0n,true
516f4yy9,true
0jnu2iup,false
3wr9h6b4,true
9l7z1alk,true
2z06t2b9,false
3ttqrr9f,true
68p4hmjf,true
oc8zqe55,false
k0ebr3bc,false
kg3c7hzf,false
hymdpk8k,true
d4exx23c,true
8j26iadw,false
kwixbrtd,true
7d1mrgw5,true
yyfba3ht,false
2m76cmgu,true
7vnmnfog,true
mr1un948,true
nufbd0wp,true
jjiqzdco,true
g14jzs5k,false
kbhpa5vs,true
lec8trpo,false
e6aktiqe,false
xhsd7tzw,true
6of0dlvd,false
56rzfii2,false
gtw1qm03,false
6015hz01,false
wcjk7z9p,true
w5co0vxs,true
qvt104zm,true
0uc3la7j,true
3zkg1ihp,false
poi7nqgq,true
qkgxq0u6,true
r1lxigd6,false
88ihok9h,true
ugwgmaup,false
a55smc4q,true
qu9t5j2u,true
6bvp5v4s,true
cjmorgmf,false
s3bzp7oy,true
vc13sx8d,true
y54wli3c,false
28f5wk2m,true
a6mudmp0,false
jf0ho4s6,true
3oc5on3u,false
pwxtfazl,false
ql4oqm53,false
zd51rgaz,false
5y8d8b6m,true
6lld30xk,false
jaapujjr,true
xjckwg88,false
cq7uj0wl,true
8x08wtu0,false
clon3khu,false
3ncd5wxy,true
yyx3t3mc,false
54ozyr82,false
uqqzfkpe,true
a8uph5j2,false
fwvzduqx,false
huoz3uv9,false
lnmvfkj0,false
js8vrwbr,false
gsxpaue9,true
68hmexlp,false
sm6uu0rg,false
qi0gnd68,false
a37vmkfi,true
cjsocz18,false
1k38pah7,true
fzgso0mp,false
tavuchjm,false
4816ezfq,false
scssg4av,false
zz4bii3k,true
1ik2vn31,true
fbmx1dw8,true
4wyejpna,false
k40j21r7,false
vwp6c2q0,true
j2px779v,true
jix2vv5j,true
2zcssars,false
klg4wgqw,false
p2txi8xl,true
vr4jot4l,false
rgpvekt9,true
z0xkzyh6,false
rpw2btwt,false
30j2vf55,true
1o20wiow,false
d4czowu0,false
onesk271,true
dmdwugur,true
qi7an38b,true
5xvcxj7m,true
ljlpf93o,false
j152s8hi,false
gi6xenbd,false
j6fm462r,true
jfumgamj,true
gcxsg7ui,false
861nb60b,false
1y189wv7,true
mkfkumgk,false
r8iodtm7,true
yvclbwbq,true
lc0anm3x,false
0wz0fv3a,false
7jbmco9r,false
319t6jsz,false
6tqgiu8x,true
rlrj5tth,false
2h1au0ow,false
nkt0bhqm,false
alzqbv25,false
liv11lwi,false
2qtx9fnx,true
tm5xwe5x,true
rib4f6ri,true
15qxvnic,false
bftp7pmj,false
p9ux26dw,false
yugcyqkf,true
q0rdzaii,false
pnd4li4w,false
difj8prc,false
wn0uks64,false
pvp1ktfc,true
6du7fbig,false
t9ixukcw,false
bd9r27lg,true
ona93ybk,true
bkllo7xv,true
dgydh8ot,true
tbgr23vu,true
7gvpobc9,false
xiqqhwa0,true
obzel29w,false
x701dhhn,true
9uoxdqkj,false
pv0nzuvl,true
vqni6iib,true
35z4qg3q,true
g571usvo,true
gfl9lrnw,true
8eect5s0,true
2ff0lm1g,false
b0q0ltig,true
co2pt50t,true
i59c3en2,true
5s3yfe7y,false
5r0xn4po,false
zekkwx58,true
m1xz9pht,true
q2im8d5o,false
8w1zpiuk,true
y386xl7v,false
41yqoyh8,true
oa8or4ex,false
qaady2y9,true
btdi3il6,true
bvdnakvz,true
8bsm4mbm,false
lgcelnuf,true
lwlxaccb,true
qmkquvha,false
26eldjrk,false
ma4wfhsl,true
0b1g3nlm,true
h3miwuse,false
y69a86ne,false
cp4pyef7,false
1k90w7lh,true
dj43fq5k,false
642odr7b,false
8wt6evd9,true
84swnnzl,true
5gvd9v0g,true
0bg519t5,false
8oybeo39,true
9e4jdfp5,true
1fvrkkbw,true
1dgu1jhv,true
d198uojk,false
atdg8cak,false
kygfbup8,false
5pugyppp,false
t4g2odq3,false
jxfsu217,true
yypy2q1n,false
vda4tz43,true
ewvf8ros,false
gceykl2z,true
svmjj1y8,true
o49zny5f,true
6118al60,false
zzyh5c5q,false
10fdr14f,false
r7o84ggt,false
dsipr5wv,false
95cnbbkt,false
e7vd6pq7,true
ciuudq69,false
h5sj4x5q,true
jxhft7v9,true
xxqgvjfh,false
qlma5glb,true
0wpu3bfz,true
z4guplvw,true
m8pm0e78,false
lzrawgmc,false
6iaqs2fz,false
23z3hdki,true
gxoclgsz,true
4rscmn54,true
zthbck6t,true
6wmgpi3z,false
0apr49y8,false
jusjvq45,true
ym6l9gqj,false
kmts3vkg,true
seg5yxfv,true
96oooi6r,false
4zky2kkt,false
ufa7rjmx,true
3j6md0us,true
5xitr9r5,false
wm1wekzf,false
ze76aaay,true
odr4y3cv,false
h3dax9tg,false
m7t05h3v,false
o2xly760,true
5nhsp92s,false
vq3lc512,true
7f4s1qgx,false
43w6pzd1,false
e4b5sxye,false
cu2572fr,false
cqwdomuf,true
5zokal4h,true
w9n7xze0,false
v5m6hjqx,true
43u42n20,false
qle8lbbs,true
8241oh2s,false
il94fyca,true
x44auvuy,true
1npsrmjs,true
skgh1fir,false
tep6coy8,true
ao1dg3q4,false
lezr6aam,false
mga1grwi,false
nggzjkuw,true
gph6x5cb,true
tzf63d1e,false
gqcvrgcy,false
qi2pndxr,true
efg9kriw,true
gkl2utd5,true
shkxp6yy,true
0vb9ya3q,false
y3pscs2a,true
p5ltzksx,false
4kdqpand,false
0aourzyl,true
ei7n382q,true
bdzyrlb4,true
1r59owy3,true
jinlchn3,false
0yhzy7ik,true
2yolqnhw,true
5bmpdajq,false
3tomdlv5,true
